TIME,PSF_FLUX,APER_FLUX,BKG_FLUX,QUALITY
1382.0578982808938,2757.9827,2706.3965,160.69504,1
1382.078731895916,2770.0942,2713.9136,157.61835,1
1382.099565509541,2766.1707,2713.3728,155.74696,1
1382.120399122234,2773.4763,2719.347,154.47649,1
1382.1412327339958,2770.9558,2712.9832,153.03685,1
1382.162066344827,2755.4546,2711.0623,150.68173,1
1382.1828999537952,2771.9822,2722.245,147.02,1
1382.203733561833,2767.0894,2718.3872,142.80153,1
1382.224567168007,2783.815,2733.8557,138.75018,1
1382.245400773249,2789.8628,2734.2808,135.07225,1
1382.26623437663,2802.6343,2745.6016,131.86514,1
1382.287067978614,2803.7922,2739.8982,129.30302,1
1382.3079015787348,2822.0608,2752.633,126.71794,1
1382.328735176993,2818.7566,2758.6606,123.82711,1
1382.349568773388,2819.2043,2755.7222,120.753784,1
1382.3704023683858,2831.9177,2765.1973,118.08454,1
1382.3912359615229,2832.2876,2758.8484,116.102715,1
1382.412069552331,2840.6953,2735.332,114.29201,128
1382.4329031412753,2823.4155,2768.399,112.62651,0
1382.4537367283579,2823.1995,2762.259,111.09718,128
1382.4745703135775,2830.0796,2773.8503,110.20935,0
1382.4954038964688,2832.3918,2781.2178,109.77069,0
1382.516237477497,2827.5437,2772.6392,109.582565,0
1382.620405350975,2207.4448,316.26126,110.128975,132
1382.641238919431,2067.2002,-370.67654,110.294975,132
1382.6620724855595,2047.1503,117.50349,109.59824,128
1382.6829060498249,2003.5774,-509.04218,110.28835,132
1382.7037396117605,2034.0275,-820.91345,111.46556,132
1382.7245731713679,1626.65,-1043.7471,111.03533,132
1382.7454067295798,2206.8496,31.560305,109.65866,128
1382.7662402849978,2170.0884,520.9842,109.189285,128
1382.7870738385525,2133.2927,782.77527,109.142746,128
1382.807907390244,2299.6025,377.38867,109.15194,128
1382.828740939608,2096.0198,894.6439,108.9394,128
1382.8495744871088,2334.639,1360.1871,108.92374,128
1382.8704080322818,2167.529,932.27386,108.90528,128
1382.8912415755926,2178.5894,382.52386,109.23878,128
1382.9120751170399,2102.2253,725.5547,109.0037,128
1382.932908656625,2171.1455,793.3489,108.84267,128
1382.9537421938815,2202.1748,1195.5337,108.820404,128
1382.9745757292749,1840.1027,692.828,108.80025,128
1382.9954092628068,2244.7751,846.7608,108.80398,128
1383.01624279401,1801.5201,131.16577,109.16037,132
1383.037076323816,1899.7839,-157.24922,109.58873,132
1383.057909851294,2104.3784,720.23914,108.78298,128
1383.0787433773744,1858.2493,916.12854,108.67484,128
1383.099576901127,1791.4237,923.5416,108.676796,128
1383.120410423482,1543.3853,838.30164,108.63352,128
1383.141243943975,1690.0145,1047.3292,108.64203,128
1383.1620774626049,1862.5365,1054.5,108.65934,128
1383.1829109793725,1767.5088,1113.1907,108.591866,128
1383.203744494277,1854.6738,1306.7019,108.590576,128
1383.22457800732,1682.591,696.11475,108.75245,132
1383.245411518965,1692.966,659.74243,108.6494,128
1383.2662450287476,1858.8661,1451.2124,108.57804,128
1383.2870785371335,2038.2323,1298.921,108.607635,128
1383.3079120431905,1606.0923,998.1559,108.59841,128
1383.3287455483164,2067.7444,1269.6926,108.60197,128
1383.3495790511151,2092.8486,1061.8396,108.67148,128
1383.370412552981,1906.3556,951.42395,108.6016,128
1383.3912460529841,1774.1107,1445.718,108.594505,128
1383.412079551126,1721.9136,1012.26544,108.61663,128
1383.4329130478695,1870.1952,1113.8564,108.63848,128
1383.453746543217,1571.0635,768.50464,108.62524,128
1383.4745800367018,2146.3503,1379.2745,108.649635,128
1383.495413528789,1621.567,663.5236,108.63459,128
1383.5162470194791,1805.9648,1018.43176,108.65144,128
1383.5370805087732,1886.3738,1289.9294,108.643715,128
1383.557913996204,1900.2239,1254.8191,108.64184,128
1383.5787474822368,1651.8918,890.77,108.67875,128
1383.599580966875,1576.618,1150.854,108.62943,128
1383.6204144501148,2068.33,1563.9198,108.64789,128
1383.6829148914526,2776.703,2639.6333,108.666565,132
1383.703748369104,2815.62,2758.4219,108.7044,0
1383.7245818453598,2803.6716,2747.5415,108.695305,0
1383.745415320218,2820.948,2753.4136,108.70744,0
1383.76624879368,2816.9155,2759.0164,108.67867,0
1383.7870822657435,2819.443,2768.23,108.685905,0
1383.8079157364095,2818.6074,2770.8901,108.69098,0
1383.828749206145,2808.948,2760.7231,108.65428,0
1383.8495826744838,2825.8176,2766.422,108.683105,0
1383.870416140961,2813.764,2767.2283,108.66452,0
1383.891249606972,2811.0056,2765.4385,108.647255,0
1383.9120830711195,2807.4507,2765.1904,108.64435,0
1383.932916534336,2800.546,2768.9468,108.61361,0
1383.95374999569,2821.0378,2771.8318,108.622986,0
1383.9745834565779,2811.6287,2763.0447,108.602974,0
1383.995416915603,2811.49,2769.7942,108.60813,0
1384.0162503736979,2815.7366,2766.8076,108.57522,0
1384.0370838308604,2816.3608,2762.3374,108.59476,0
1384.057917286161,2801.1555,2760.5063,108.597206,0
1384.0787507405298,2811.3113,2768.944,108.575554,0
1384.099584193968,2814.3564,2767.703,108.55724,0
1384.1204176460092,2811.0552,2763.9067,108.577286,0
1384.1412510966534,2821.9424,2768.6633,108.53441,0
1384.1620845463653,2812.0464,2757.6875,108.558945,0
1384.1829179951455,2815.436,2766.902,108.54835,0
1384.2037514425292,2815.8467,2772.5112,108.54749,0
1384.2245848885168,2805.8774,2766.3027,108.54583,0
1384.245418333573,2816.0168,2765.6763,108.56371,0
1384.2662517776976,2816.6414,2769.8613,108.54935,0
1384.3287521026205,2759.5679,2770.9048,108.56805,128
1384.3495855420888,2782.5938,2758.9946,108.56952,0
1384.3704189806258,2784.7625,2769.5037,108.58336,0
1384.3912524182306,2796.1506,2769.921,108.56839,0
1384.4120858544384,2796.0872,2771.3953,108.578064,0
1384.43291928925,2800.9924,2768.1428,108.573845,0
1384.4537527235955,2800.7385,2770.4543,108.55828,0
1384.4745861565439,2812.3389,2775.1772,108.58189,0
1384.4954195885612,2793.797,2763.1846,108.58184,0
1384.5162530191815,2813.1047,2771.0698,108.58617,0
1384.53708644887,2798.935,2772.1777,108.60768,0
1384.5579198776281,2794.8735,2765.3228,108.5977,0
1384.578753305455,2794.4534,2768.3752,108.586464,0
1384.59958673235,2802.3066,2774.183,108.57992,0
1384.620420157848,2802.4648,2774.6526,108.577126,0
1384.6412535828804,2807.3584,2770.0796,108.59421,0
1384.6620870065149,2796.0032,2776.9329,108.60259,0
1384.6829204287542,2807.886,2773.0674,108.55771,0
1384.7037538505274,2797.6235,2768.7651,108.5762,0
1384.7245872713688,2804.3223,2774.4912,108.61118,0
1384.7454206908142,2801.636,2771.2524,108.58178,0
1384.7662541093264,2842.8928,2775.1946,108.607285,0
1384.7870875269082,2783.8818,2776.2944,108.60134,0
1384.8079209435587,2796.579,2772.6064,108.616684,0
1384.828754359277,2792.5435,2775.458,108.59184,0
1384.8495877740652,2805.626,2772.66,108.622475,0
1384.8704211879215,2784.5593,2768.98,108.60074,0
1384.891254600846,2803.3474,2770.3298,108.614784,0
1384.912088012375,2798.9443,2774.3967,108.60834,0
1384.932921423438,2801.7212,2772.9585,108.61287,0
1384.953754833104,2808.4512,2775.1555,108.617615,0
1384.974588242304,2798.8494,2773.201,108.626915,0
1384.9954216501064,2802.3438,2776.6543,108.62724,0
1385.016255056978,2788.3237,2758.6235,108.630775,0
1385.037088463384,2793.7087,2755.6892,108.62146,0
1385.0579218683934,2835.4736,2748.467,108.62776,0
1385.078755272471,2882.438,2775.69,108.61219,0
1385.0995886760838,2891.3267,2770.2869,108.622536,0
1385.1204220782984,2899.1016,2773.605,108.62909,0
1385.141255479582,2889.9119,2767.9746,108.61427,0
1385.1620888804,2899.8416,2780.4333,108.61607,0
1385.182922279821,2878.269,2746.328,108.61321,128
1385.2037556787768,2887.4453,2770.67,108.65281,0
1385.224589076336,2885.938,2772.139,108.64455,0
1385.2454224734279,2887.1287,2770.5547,108.6342,0
1385.266255869124,2897.3289,2772.7466,108.66762,0
1385.287089264354,2892.3875,2767.8657,108.651085,0
1385.3079226586528,2879.4893,2769.9834,108.65915,0
1385.3287560520212,2871.5872,2771.5667,108.671616,0
1385.3495894444563,2893.6904,2771.6262,108.676186,0
1385.370422835961,2885.5293,2770.284,108.695114,0
1385.391256226535,2885.4304,2772.6475,108.70057,0
1385.4120896161771,2878.5234,2770.828,108.7,0
1385.432923005354,2912.0364,2771.952,108.71186,0
1385.453756393134,2892.2112,2767.8494,108.70036,0
1385.4745897804473,2894.7834,2770.7676,108.69692,0
1385.4954231663642,2884.0776,2768.3567,108.72038,0
1385.5162565518149,2884.6653,2770.3484,108.73494,0
1385.537089936336,2889.4014,2766.9768,108.72871,0
1385.557923319925,2877.138,2768.9302,108.74168,0
1385.578756703048,2884.3398,2760.692,108.74698,0
1385.5995900847734,2900.225,2770.822,108.75386,0
1385.6204234660331,2889.0813,2773.5713,108.76989,0
1385.6412568458968,2879.5369,2770.553,108.80162,0
1385.6620902252948,2871.1833,2768.4985,108.81302,0
1385.682923603761,2897.6272,2770.012,108.79761,0
1385.7037569817621,2878.35,2771.3792,108.84744,0
1385.7245903583655,2889.6296,2764.0808,108.82329,0
1385.745423734503,2892.0671,2764.6357,108.84252,0
1385.7662571097098,2913.9775,2771.8162,108.86148,0
1385.7870904839865,2900.8728,2772.3237,108.83903,0
1385.8079238573314,2867.606,2760.3418,108.84773,0
1385.8287572297436,2901.2302,2773.003,108.87346,0
1385.8495906016906,2863.977,2758.9407,108.887856,0
1385.8704239727058,2866.7532,2605.4663,108.86073,132
1385.953757448388,2802.998,2781.873,108.919044,128
1385.9745908152122,2811.2273,2779.952,108.93115,0
1385.995424181106,2819.5144,2785.9646,108.918594,0
1386.016257546534,2812.2195,2776.3489,108.929794,0
1386.037090911031,2818.3035,2783.8472,108.94788,0
1386.0579242745962,2812.8364,2780.2004,108.928894,0
1386.07875763723,2815.2441,2784.7263,108.96496,0
1386.099590998932,2809.8723,2780.6401,108.96579,0
1386.1204243601692,2811.8704,2779.0503,108.98417,0
1386.141257720475,2813.7468,2784.5247,108.96877,0
1386.1620910803153,2815.9526,2785.1028,108.96723,0
1386.1829244387595,2810.271,2779.6401,108.99228,0
1386.2037577967365,2812.728,2779.5857,108.9925,0
1386.224591153782,2808.4082,2780.7861,109.02291,0
1386.245424510362,2817.5188,2785.9673,109.016975,0
1386.2662578660115,2815.9905,2782.198,109.02057,0
1386.287091220729,2818.706,2785.7727,109.046265,0
1386.3079245745162,2814.9272,2781.5288,109.05312,0
1386.3287579278365,2807.4263,2774.8303,109.038704,0
1386.349591280225,2812.2173,2778.6843,109.050835,0
1386.3704246316834,2807.032,2782.5107,109.0396,0
1386.391257982676,2822.871,2787.247,109.04309,0
1386.4120913322727,2813.4229,2782.635,109.04931,0
1386.432924681868,2819.8413,2784.6514,109.05706,0
1386.4537580300662,2811.2158,2780.6838,109.08781,0
1386.4745913777988,2810.9922,2780.2751,109.09324,0
1386.4954247246,2807.643,2775.0852,109.1146,0
1386.5162580709366,2806.4187,2778.4126,109.118126,0
1386.537091416341,2812.6392,2780.031,109.120514,0
1386.5579247608134,2824.4517,2789.0112,109.14357,0
1386.578758104355,2810.4636,2782.7988,109.17155,0
1386.599591447431,2817.5098,2779.1494,109.175835,0
1386.620424789577,2814.3398,2785.5012,109.17089,0
1386.641258131257,2805.073,2784.745,109.20375,0
1386.6620914720052,2811.1602,2781.3384,109.209236,0
1386.6829248118215,2814.6458,2785.9744,109.213974,0
1386.7037581511715,2813.6912,2778.938,109.2104,0
1386.724591489126,2810.9746,2776.8398,109.25504,0
1386.7454248270801,2818.8445,2780.6218,109.22369,0
1386.7662581636368,2808.3022,2787.3232,109.25195,0
1386.7870915001945,2802.4094,2776.395,109.250824,0
1386.8079248353545,2814.6504,2787.922,109.252594,0
1386.8287581700479,2805.1553,2784.3777,109.286644,0
1386.849591503811,2812.9773,2779.5337,109.254906,0
1386.870424836643,2799.8118,2769.9578,109.31948,0
1386.8912581690095,2811.427,2775.9658,109.31144,0
1386.9120915009094,2812.375,2778.4482,109.32501,0
1386.932924831412,2805.382,2778.7502,109.357254,0
1386.9537581614504,2811.176,2780.7786,109.36212,0
1386.9745914910236,2805.7405,2777.2612,109.38691,0
1386.995424819664,2804.116,2777.3586,109.39089,0
1387.0162581473742,2812.1287,2785.302,109.40537,0
1387.0370914741516,2813.9504,2785.0613,109.43904,0
1387.0579248004628,2811.0117,2782.2405,109.4855,0
1387.0787581263098,2810.2092,2781.8716,109.47109,0
1387.0995914512264,2812.217,2782.4626,109.47157,0
1387.1204247752112,2808.6567,2781.9421,109.48827,0
1387.1412580982642,2809.143,2781.3765,109.48187,0
1387.1620914213165,2809.8367,2781.6418,109.48703,0
1387.1829247429719,2811.5618,2780.5237,109.5232,0
1387.203758064162,2815.778,2785.485,109.51455,0
1387.2245913844215,2809.6448,2781.4954,109.52768,0
1387.2454247042156,2822.7373,2792.6414,109.521194,0
1387.2662580230776,2806.011,2784.7158,109.59537,0
1387.2870913410075,2815.0872,2788.3457,109.59663,0
1387.307924658472,2812.3901,2782.7441,109.5981,0
1387.328757975471,2818.6462,2784.291,109.62376,0
1387.3495912915396,2822.5195,2795.1484,109.63396,0
1387.3704246066768,2807.7588,2783.163,109.63036,0
1387.391257921348,2811.9238,2784.3118,109.65755,0
1387.412091235087,2814.1155,2785.553,109.666595,0
1387.4329245478948,2803.2446,2779.1592,109.67753,0
1387.4537578602376,2798.824,2777.0027,109.71497,0
1387.474591172115,2815.683,2784.2173,109.72329,0
1387.4954244830615,2812.181,2777.074,109.74981,0
1387.5162577930755,2803.5415,2781.0256,109.769646,0
1387.537091102623,2804.9106,2780.1445,109.791565,0
1387.557924411241,2810.2236,2782.7039,109.78115,0
1387.578757719393,2803.8267,2775.1064,109.80539,0
1387.599591026614,2803.1365,2784.7466,109.821,0
1387.620424332903,2821.9253,2787.0303,109.895325,0
1387.641257638726,2803.2927,2780.7715,109.91673,0
1387.662090944083,2820.7437,2792.2346,109.887505,0
1387.68292424851,2811.6338,2779.822,109.87573,0
1387.7037575520055,2805.9482,2782.4553,109.93918,0
1387.7245908550358,2808.1729,2779.4316,109.937126,0
1387.745424157134,2681.0146,2255.568,110.53181,164
1387.7662574587655,2801.4739,2764.064,109.94575,160
1387.7870907594665,2807.313,2786.4705,109.96702,0
1387.807924059703,2803.908,2785.4246,109.9589,0
1387.8287573590069,2813.1467,2790.9304,109.97637,0
1387.849590657846,2820.2993,2789.1565,110.00418,0
1387.8704239557528,2815.9258,2790.1716,110.049805,0
1387.8912572531945,2803.5686,2781.6982,110.07913,0
1387.912090549705,2814.6008,2787.1355,110.13164,0
1387.932923845749,2818.8884,2789.8967,110.13333,0
1387.9537571408619,2808.3687,2782.603,110.15393,0
1387.9745904350439,2814.3345,2786.7112,110.210365,0
1387.9954237292259,2814.5415,2790.0771,110.216934,0
1388.016257022011,2815.8535,2789.1672,110.27899,0
1388.0370903143298,2816.4084,2789.081,110.31585,0
1388.057923606184,2820.7175,2793.978,110.33687,0
1388.0787568971075,2806.8506,2790.0107,110.353195,0
1388.0995901870988,2812.098,2786.834,110.38672,0
1388.1204234766235,2811.4023,2784.4941,110.40898,0
1388.141256765682,2819.0725,2784.0793,110.46213,0
1388.1620900538114,2815.58,2786.6926,110.48768,0
1388.182923341475,2813.909,2789.0627,110.49635,0
1388.203756628206,2803.1482,2784.2175,110.53569,0
1388.2245899140062,2813.1235,2787.9536,110.57256,0
1388.2454231993402,2817.5107,2791.764,110.59662,0
1388.266256484209,2812.862,2788.867,110.62698,0
1388.287089768146,2822.8965,2791.3503,110.66997,0
1388.307923051618,2805.7622,2781.7007,110.690865,0
1388.328756334159,2811.784,2785.824,110.727356,0
1388.349589615769,2819.2744,2791.142,110.79069,0
1388.3704228973775,2811.2532,2786.18,110.83373,0
1388.3912561775892,2820.735,2789.4421,110.8495,0
1388.4120894573355,2813.2961,2791.689,110.87264,0
1388.432922736617,2815.8242,2786.6216,110.91931,0
1388.4537560149665,2815.1091,2791.0771,110.96142,0
1388.4745892928495,2817.6978,2790.7673,110.9859,0
1388.4954225702677,2821.3962,2790.3723,111.03286,0
1388.5162558462898,2815.5596,2793.3694,111.03944,0
1388.537089122311,2812.2014,2788.4812,111.08455,0
1388.5579223974005,2814.9846,2786.7012,111.12117,0
1388.5787556715595,2818.9802,2789.1418,111.156685,0
1388.5995889452524,2817.0847,2796.8657,111.215904,0
1388.620422218479,2811.1055,2791.811,111.25356,0
1388.6412554907756,2821.1978,2788.165,111.27947,0
1388.6620887621411,2812.7937,2788.0588,111.34608,0
1388.68292203304,2813.1753,2787.0312,111.37522,0
1388.703755303473,2814.383,2792.3728,111.4507,0
1388.7245885729749,2823.28,2796.7273,111.469246,0
1388.7454218420112,2815.38,2785.1863,111.527336,0
1388.766255110581,2810.592,2788.2537,111.56772,0
1388.7870883777555,2819.1545,2794.2048,111.620316,0
1388.80792164493,2820.341,2793.5933,111.67727,0
1388.828754911172,2816.4475,2787.2886,111.757324,0
1388.8495881764825,2820.6775,2792.8225,111.78552,0
1388.8704214417935,2821.585,2794.371,111.87371,0
1388.8912546963945,2816.9058,2787.4753,111.930954,0
1388.9120879598431,2824.4656,2794.7292,112.00696,0
1388.9329212228265,2811.198,2786.2131,112.07281,0
1388.9537544848781,2808.049,2787.812,112.158844,0
1388.974587746463,2809.3345,2783.12,112.22508,0
1388.9954210071173,2804.9526,2784.2769,112.29216,0
1389.016254267307,2796.4207,2772.9556,112.37286,0
1389.03708752703,2796.0771,2774.51,112.45561,0
1389.057920785821,2803.344,2777.767,112.538536,0
1389.078754044147,2813.9739,2789.475,112.625916,0
1389.0995873015422,2808.5415,2782.7024,112.76117,0
1389.1204205584709,2822.081,2792.2788,112.862305,0
1389.141253814935,2809.572,2762.8384,113.00511,128
1389.1620870704678,2824.4785,2795.4116,113.09216,0
1389.1829203255338,2813.8142,2789.7988,113.213295,0
1389.203753579669,2825.6504,2794.965,113.334076,0
1389.2245868333384,2814.651,2785.7542,113.45795,0
1389.245420086077,2820.165,2792.3503,113.58831,0
1389.2662533383495,2831.9116,2796.1606,113.729225,0
1389.2870865901568,2818.688,2787.3396,113.878586,0
1389.3079198410323,2814.9578,2784.7454,114.0161,0
1389.3287530914422,2821.716,2789.6125,114.16505,0
1389.3495863409212,2817.3914,2785.9517,114.36378,0
1389.3704195899336,2826.051,2790.9014,114.50603,0
1389.391252838481,2806.7043,2783.4814,114.68478,1
1389.412086086098,2825.6013,2779.709,114.83221,129
1389.4329193332478,2824.856,2791.9995,115.02199,1
1389.4537525794672,2812.6028,2791.1284,115.19842,1
1389.47458582522,2821.0164,2792.7778,115.357864,1
1389.495419070507,2824.0852,2790.85,115.56324,1
1389.516252314864,2820.7075,2791.33,115.72736,1
1389.5370855587548,2821.2195,2793.9863,115.92878,1
1389.557918801714,2814.584,2790.9983,116.12166,1
1389.5787520442082,2823.284,2790.23,116.30124,1
1389.599585286236,2826.7034,2792.0442,116.48313,1
1389.620418527333,2815.742,2787.0005,116.66636,1
1389.641251767965,2825.681,2794.9763,116.83945,1
1389.66208500813,2820.0984,2787.8276,117.044464,1
1389.682918247364,2815.5537,2786.2295,117.24757,1
1389.7037514861322,2812.982,2789.428,117.427475,1
1389.7245847239692,2814.0254,2787.566,117.59848,1
1389.7454179613405,2814.6907,2788.6174,117.77244,1
1389.7662511982471,2814.983,2787.6948,117.94936,1
1389.787084434222,2817.8972,2793.4229,118.12825,1
1389.8079176697306,2821.5857,2790.7466,118.26282,1
1389.828750904307,2824.234,2786.2883,118.42075,1
1389.849584138885,2820.5623,2780.7085,118.571175,1
1389.8704173720662,2817.034,2790.2068,118.738045,1
1389.891250605247,2826.2554,2790.8584,118.867905,1
1389.9120838374965,2812.883,2788.2224,118.990944,1
1389.9329170692795,2822.563,2789.1497,119.1108,1
1389.9537503001316,2809.4797,2785.5505,119.245636,1
1389.974583530518,2821.497,2778.1812,119.325676,129
1389.9954167604392,2822.0146,2792.536,119.45409,1
1390.0162499894286,2825.0608,2791.2266,119.54965,1
1390.0370832179524,2825.1143,2782.3972,119.653915,129
1390.0579164460105,2814.9177,2783.4084,119.72434,1
1390.0787496731382,2816.9124,2783.295,119.83405,1
1390.0995828997989,2819.822,2787.1416,119.90413,1
1390.120416125995,2816.6145,2789.4146,119.96782,1
1390.1412493512598,2823.6553,2789.0645,120.04566,1
1390.1620825760579,2815.226,2782.1335,120.09555,1
1390.182915799925,2827.3833,2787.8928,120.15744,1
1390.2037490237922,2815.952,2786.0085,120.25244,1
1390.2245822467285,2812.1711,2780.52,120.309296,1
1390.2454154687339,2670.441,2278.5288,120.944695,165
1390.2662486902736,2798.195,2713.6628,120.414314,161
1390.2870819113464,2811.3716,2789.2014,120.45871,1
1390.3079151319535,2816.7317,2790.522,120.50956,1
1390.3287483516306,2822.3586,2790.274,120.56957,1
1390.349581570841,2810.0767,2791.533,120.61334,1
1390.3704147895864,2815.7373,2792.6628,120.65992,1
1390.391248007401,2812.1172,2784.5725,120.700554,1
1390.4120812247484,2815.3435,2790.8877,120.76664,1
1390.432914441631,2814.0405,2785.8784,120.80543,1
1390.453747657582,2817.1404,2790.4924,120.82088,1
1390.4745808735333,2813.4587,2789.6724,120.895164,1
1390.4954140880868,2817.509,2789.5593,120.91497,1
1390.5162473026421,2817.6096,2795.05,120.96161,1
1390.5370805162645,2815.581,2790.4146,121.01466,1
1390.5579137294217,2808.9104,2787.2546,121.038284,1
1390.5787469416468,2822.0212,2790.803,121.080956,1
1390.5995801538734,2815.9824,2788.3142,121.111694,1
1390.620413365169,2818.7358,2792.88,121.15887,1
1390.6412465755316,2818.6519,2796.5098,121.20388,1
1390.662079785894,2820.2144,2793.0554,121.238464,1
1390.6829129953262,2813.3987,2794.9438,121.23736,1
1390.7037462042927,2812.3826,2788.6045,121.26641,1
1390.7245794123278,2814.3452,2790.8398,121.27478,1
1390.745412620363,2817.6301,2787.2031,121.28399,1
1390.7662458274665,2816.1897,2790.5415,121.279045,1
1390.7870790336385,2823.718,2793.0576,121.2465,1
1390.807912239811,2821.4065,2796.5083,121.269196,1
1390.828745445052,2816.3206,2791.033,121.25798,1
1390.849578649828,2825.7727,2794.5098,121.240234,1
1390.8704118541375,2815.3286,2792.3523,121.21412,1
1390.8912450575153,2815.2861,2794.1223,121.20044,1
1390.912078260428,2810.8198,2788.0823,121.15976,1
1390.932911462875,2818.9353,2794.1787,121.16924,1
1390.953744664856,2820.3057,2793.8013,121.14948,1
1390.9745778659067,2814.7917,2789.2986,121.09177,1
1390.9954110664912,2819.6292,2794.4963,121.07357,1
1391.01624426661,2820.5632,2790.918,121.059975,1
1391.037077466262,2803.4812,2789.3018,121.01519,1
1391.0579106649843,2815.697,2791.95,120.99145,1
1391.078743863241,2820.4585,2793.5068,120.99071,1
1391.0995770610316,2826.541,2790.637,120.90258,1
1391.1204102583556,2811.596,2789.862,120.88205,1
1391.141243454749,2820.5815,2796.5767,120.83526,1
1391.1620766506771,2830.0752,2800.0234,120.787445,1
1391.1829098461394,2818.8284,2796.631,120.75074,1
1391.203743041136,2811.6577,2797.2253,120.672966,1
1391.224576235667,2816.3408,2793.1123,120.640526,1
1391.245409429266,2823.3098,2798.0112,120.56057,1
1391.2662426223997,2818.7341,2796.3591,120.50546,1
1391.287075815068,2825.4062,2797.6577,120.43635,1
1391.3079090068054,2818.2366,2797.375,120.363106,1
1391.328742198542,2823.5054,2800.7107,120.29284,1
1391.3495753893485,2815.3806,2798.5513,120.23954,1
1391.3704085796876,2826.7683,2799.8723,120.137146,1
1391.3912417695615,2818.3406,2799.2683,120.06499,1
1391.4120749589702,2821.2551,2799.3289,119.958755,1
1391.4329081474475,2825.3162,2802.555,119.886955,1
1391.4537413354597,2823.9004,2801.5818,119.79365,1
1391.4745745230057,2818.5105,2794.5237,119.72286,1
1391.4954077100856,2828.4785,2801.3813,119.628914,1
1391.5162408966994,2817.5664,2796.5767,119.56988,1
1391.5370740823828,2821.56,2797.0393,119.47811,1
1391.5579072680666,2822.021,2789.7224,119.377174,129
1391.5787404528196,2821.0303,2800.266,119.25043,1
1391.599573637106,2820.0493,2798.6775,119.159386,1
1391.6204068209258,2824.8555,2796.989,119.01918,1
1391.6412400038148,2824.7615,2804.732,118.961006,1
1391.6620731867047,2830.2368,2805.2212,118.82198,1
1391.682906368663,2820.1975,2802.6995,118.71247,1
1391.7037395501557,2822.3699,2804.6665,118.61979,1
1391.7245727316476,2827.6477,2798.3013,118.52422,1
1391.7454059117426,2821.9607,2801.925,118.398,1
1391.766239091838,2816.3123,2797.4194,118.252594,1
1391.7870722714679,2822.193,2801.7478,118.118195,1
1391.807905450166,2822.0608,2801.411,118.00085,1
1391.828738628865,2825.5042,2792.9216,117.87757,129
1391.849571806632,2822.099,2799.6104,117.772575,1
1391.870404983933,2833.137,2809.446,117.63147,1
1391.8912381607695,2827.8162,2810.6377,117.47239,1
1391.9120713371394,2823.3535,2805.138,117.35928,1
1391.932904513044,2835.8145,2813.1003,117.24019,1
1391.953737688017,2830.411,2809.5786,117.076744,1
1391.9745708629898,2817.9724,2803.3032,116.936005,1
1391.995404037031,2823.6587,2801.2605,116.81262,1
1392.0162372110735,2828.151,2808.0874,116.66869,1
1392.0370703841845,2818.5735,2806.3938,116.54732,1
1392.0579035568298,2830.561,2807.2156,116.369446,1
1392.078736729009,2828.8174,2806.9329,116.225685,1
1392.099569900722,2826.2563,2805.2861,116.08533,1
1392.1204030719696,2831.374,2809.8948,115.94686,1
1392.1412362427518,2835.827,2805.7605,115.81196,1
1392.1620694130684,2830.5088,2817.956,115.63975,1
1392.18290258292,2825.5703,2806.3223,115.49847,1
1392.203735751839,2828.2004,2805.6472,115.32521,1
1392.224568920758,2821.904,2806.8538,115.146324,1
1392.245402089212,2829.942,2796.8354,115.00816,1
1392.266235256735,2863.608,2784.9421,114.82267,129
1392.2870684242585,2847.1077,2785.1167,114.63209,129
1392.3079015908502,2831.1465,2815.257,114.40875,0
1392.32873475744,2824.6724,2780.2373,114.21593,128
1392.3495679231,2837.7854,2814.1487,114.02823,0
1392.3704010882943,2831.1829,2808.1995,113.83502,0
1392.3912342534895,2847.6206,2805.623,113.63271,0
1392.4120674177525,2825.528,2812.5618,113.43057,0
1392.4329005820155,2823.1624,2808.6216,113.26048,0
1392.4537337453467,2829.1995,2806.3054,113.054276,0
1392.4745669082126,2823.381,2811.859,112.870636,0
1392.495400071079,2834.405,2813.14,112.677986,0
1392.5162332330142,2834.5085,2811.694,112.5574,0
1392.5370663949484,2842.8281,2814.9065,112.41293,0
1392.5578995559522,2827.975,2810.9995,112.27872,0
1392.578732716955,2823.4211,2810.038,112.15093,0
1392.599565877027,2829.2424,2803.1475,111.99418,0
1392.620399037099,2832.0918,2816.734,111.89642,0
1392.6412321967055,2831.8909,2807.302,111.76181,0
1392.662065355381,2838.6182,2805.662,111.67017,0
1392.682898514055,2834.8945,2807.1418,111.593155,0
1392.703731672265,2840.2092,2811.8398,111.47113,0
1392.724564830009,2836.7883,2810.5166,111.4273,0
1392.745397987287,2666.1501,2293.608,111.917694,164
1392.7662311441,2829.23,2789.3362,111.261024,160
1392.7870643009123,2837.5137,2818.5852,111.20485,0
1392.807897456793,2828.9597,2820.6682,111.1288,0
1392.8287306126736,2827.3735,2817.6096,111.05532,0
1392.8495637676235,2829.3525,2814.1016,111.02686,0
1392.870396922574,2833.3728,2823.2488,110.93786,0
1392.891230077058,2825.1094,2812.9775,110.902435,0
1392.912063231077,2826.082,2816.1262,110.85378,0
1392.93289638463,2834.1614,2815.106,110.78987,0
1392.9537295377158,2831.7214,2819.0674,110.7484,0
1392.9745626908034,2831.2847,2819.7573,110.6921,0
1392.99539584296,2819.9646,2807.19,110.64557,0
1393.0162289951159,2813.2231,2800.1775,110.60011,0
1393.0370621468064,2806.3704,2799.502,110.567795,0
1393.057895298496,2816.8748,2812.1748,110.53285,0
1393.0787284492549,2827.2136,2818.4058,110.520836,0
1393.0995616000137,2827.0525,2816.6992,110.45644,0
1393.1203947503075,2825.116,2815.4739,110.440384,0
1393.1412279001352,2833.8835,2819.3748,110.43914,0
1393.162061049497,2823.413,2807.7407,110.4073,0
1393.182894198859,2837.0432,2821.1062,110.42959,0
1393.203727347755,2830.846,2817.8643,110.40486,0
1393.2245604961854,2828.6526,2815.489,110.41329,0
1393.2453936441511,2833.8687,2815.9307,110.35408,0
1393.266226792116,2832.7625,2823.2734,110.36638,0
1393.2870599396147,2835.8118,2822.9368,110.32821,0
1393.307893086648,2831.6965,2820.775,110.329994,0
1393.3287262336821,2826.2515,2819.1382,110.32182,0
1393.3495593802495,2826.7234,2820.1543,110.33502,0
1393.3703925263526,2824.958,2817.5496,110.30338,0
1393.391225672455,2835.5557,2822.3586,110.27152,0
1393.4120588180908,2833.1118,2828.181,110.25584,0
1393.4328919637273,2837.0708,2823.941,110.233345,0
1393.453725108899,2828.86,2817.1958,110.23313,0
1393.474558253604,2836.1182,2822.8892,110.218834,0
1393.4953913978445,2820.4587,2817.7285,110.214134,0
1393.51622454255,2831.2239,2826.9382,110.21113,0
1393.537057686323,2832.69,2825.7798,110.21353,0
1393.557890830097,2837.4224,2819.3418,110.281006,0
1393.578723973405,2839.6475,2821.8064,110.41062,0
1393.5995571167136,2833.4417,2820.4424,110.659996,0
1393.6203902600225,2830.24,2816.657,111.01798,0
1393.641223402866,2833.9583,2822.193,111.55203,0
1393.6620565452426,2825.17,2810.5498,112.22006,0
1393.6828896876186,2838.702,2818.3896,113.038925,0
1393.7037228295305,2840.5527,2824.832,114.05993,0
1393.724555971442,2832.9146,2819.5806,115.324684,1
1393.7453891133537,2830.8416,2814.2573,116.810005,1
1393.766222254799,2831.6711,2811.7488,118.60512,1
1393.787055396245,2824.513,2805.9668,120.70725,1
1393.8078885372252,2828.3318,2807.9263,123.07928,1
1393.828721678205,2815.792,2806.452,125.799576,1
1393.8495548191854,2813.1694,2799.5886,128.82916,1
1393.8703879597,2797.449,2785.549,131.90326,1
1393.8912211006796,2794.1772,2789.1545,134.96623,1
1393.9120542407286,2784.5535,2779.118,138.07652,1
1393.9328873812435,2782.8013,2779.121,141.16544,1
1393.9537205212919,2784.5251,2774.5986,144.23871,1
1393.9745536613405,2777.8396,2768.881,147.44754,1
1393.99538680139,2774.556,2770.0342,150.87993,1
1394.0162199409729,2766.1584,2756.7844,154.74382,1
1394.0370530805549,2765.118,2752.9392,158.8626,1
1394.0578862206044,2762.5017,2755.3704,163.1414,1
1394.078719360188,2751.6438,2740.4827,167.7259,1
1394.0995524997716,2735.921,2727.6533,172.63109,1
1394.1203856388888,2723.7559,2718.195,177.9506,1
1394.1412187784708,2722.3677,2718.0095,183.71555,1
1394.1620519180547,2703.7935,2703.166,189.95891,1
1394.1828850571724,2702.1685,2701.3972,196.61702,1
1394.2037181967562,2688.9292,2682.8792,203.76834,1
1394.224551335873,2685.0085,2682.3975,211.57526,1
1394.2453844754564,2675.8057,2674.2014,220.41234,1
1394.266217614574,2661.2842,2663.794,230.46642,1
1394.287050754156,2643.8936,2649.4163,241.67197,1
1394.3078838937395,2626.8728,2634.536,253.79706,1
1394.3287170333235,2623.6333,2623.0107,266.9821,1
1394.3495501729071,2610.5454,2601.0144,281.52835,1
1394.3703833124896,2603.4243,2583.3884,297.71362,1
1394.3912164525375,2582.0957,2567.3997,316.09338,1
1394.4120495921215,2577.424,2551.236,336.33426,1
1394.4328827321706,2564.5874,2529.015,359.93536,1
1394.4537158722192,2558.8147,2506.0847,387.22678,1
1394.4745490127334,2550.54,2491.6003,417.8386,1
1394.495382152782,2551.3777,2468.9365,451.91962,1
1394.5162152937623,2538.7112,2437.6199,489.75452,1
1394.5370484342775,2530.7585,2410.0442,530.9853,1
1394.5578815752579,2522.5413,2382.4224,574.6204,1
1394.5787147167034,2510.3826,2355.0166,620.62256,1
1394.599547857684,2505.8875,2328.9797,669.1392,1
1394.620380999595,2502.6187,2300.487,719.33295,1
1394.641214141506,2504.3706,2276.8074,771.8075,1
1394.6620472834175,2482.7026,2247.9514,826.678,1
1394.682880425795,2476.1091,2228.921,882.0061,1
1394.7037135686385,2466.0847,2207.4531,938.628,1
1394.7245467119474,2475.4622,2179.0178,995.369,129
1394.7453798552551,2467.6587,2179.3157,1053.8156,1
1394.7662129990285,2448.9285,2147.0225,1114.2229,1
1394.7870461428033,2448.0857,2141.242,1173.6154,1
1394.807879287509,2434.8027,2127.4062,1230.4502,1
1394.8287124322155,2421.1096,2110.235,1282.6365,1
1394.8495455773855,2417.597,2100.7998,1327.1069,1
1394.8703787230215,2419.176,2086.2441,1360.0154,1
1394.8912118691246,2410.6265,2088.4949,1379.689,1
1394.912045015693,2413.3293,2084.931,1381.4648,1
1394.9328781627273,2409.437,2088.1365,1366.0361,1
1394.9537113102274,2404.406,2076.599,1342.9828,1
1394.9745444581915,2429.3157,2094.802,1313.5002,1
1394.9953776066213,2433.1436,2099.0996,1277.5979,1
1395.0162107555184,2420.9768,2107.0444,1234.8561,1
1395.0370439048816,2439.346,2124.3074,1189.652,1
1395.0578770551756,2458.4963,2150.1033,1145.965,1
1395.078710205934,2453.4646,2166.1714,1102.8483,1
1395.099543357158,2458.3428,2168.1665,1057.8911,129
1395.1203765088485,2462.9648,2201.049,1010.8887,1
1395.141209661005,2472.4282,2218.5188,962.89734,1
1395.1620428140925,2488.0464,2249.42,916.80884,1
1395.1828759676464,2492.5999,2269.3115,874.3606,1
1395.203709122131,2494.5852,2289.871,834.3246,1
1395.22454227708,2509.3965,2313.6436,795.825,1
1395.2453754324956,2396.4382,1602.0164,760.3681,165
1395.2662085888423,2500.609,2302.5964,725.308,161
1395.287041745656,2518.8088,2378.9424,691.9522,1
1395.3078749034005,2527.14,2402.583,658.65576,1
1395.3287080616096,2523.5107,2404.8467,624.71295,1
1395.349541220284,2535.927,2424.5615,587.8515,1
1395.370374379891,2538.3662,2445.7883,550.4553,1
1395.391207539964,2546.1514,2467.647,515.6488,1
1395.412040700968,2549.4788,2480.3113,484.69028,1
1395.432873862438,2550.4878,2497.1667,457.3615,1
1395.5995391760785,2615.373,2579.202,341.58298,129
1395.6203723426706,2616.9153,2590.3372,332.79672,1
1395.641205509728,2620.721,2593.9065,324.07104,1
1395.6620386772506,2625.7422,2598.9497,315.21198,1
1395.6828718452393,2624.9912,2604.0752,306.1859,1
1395.703705013228,2634.4175,2609.164,298.14148,1
1395.724538174697,2634.4956,2609.5298,291.8948,1
1395.7453713431514,2645.3901,2623.571,287.25375,1
1395.766204512072,2642.6877,2625.0083,281.89172,1
1395.787037680527,2651.6865,2635.7407,275.3379,1
1395.8078708494465,2655.7083,2637.8496,268.36234,1
1395.828704018366,2656.7737,2648.3606,260.46854,1
1395.8495371872855,2659.981,2650.5122,251.97052,1
1395.87037035574,2678.4407,2664.416,243.2112,1
1395.891203523729,2678.3044,2669.7363,234.12778,1
1395.9120366917186,2702.482,2685.0122,224.67175,1
1395.932869859707,2708.0872,2693.3452,215.3906,1
1395.9537030267634,2708.6106,2698.9888,207.043,1
1395.9745361933556,2718.055,2708.999,199.96544,1
1395.9953693594825,2737.7515,2723.8547,193.46338,1
1396.016202525142,2733.6096,2728.1267,186.54924,1
1396.0370356894055,2750.34,2735.0002,180.2821,1
1396.057868853203,2755.0837,2740.141,175.40642,1
1396.0787020165344,2758.6028,2748.7769,171.80191,1
1396.09953517847,2775.476,2757.4604,168.4585,1
1396.1203683390086,2778.6743,2764.596,164.63847,1
1396.1412014990815,2786.6516,2766.6985,159.9852,1
1396.1620346572913,2791.7842,2773.6272,154.69653,1
1396.1828678150355,2780.682,2770.0469,149.67519,1
1396.2037009709165,2802.7576,2784.0723,145.1221,1
1396.2245341254015,2793.633,2785.6423,140.76634,1
1396.2453672784895,2800.678,2795.8457,137.28447,1
1396.26620043018,2817.198,2806.385,134.50203,1
1396.287033580473,2821.2073,2805.0842,131.50177,1
1396.3078667289042,2821.168,2808.1328,128.87029,1
1396.3286998759377,2837.1414,2810.4963,126.381615,1
1396.349533021109,2841.22,2818.851,123.89603,1
1396.370366164418,2843.9817,2826.2126,121.32377,1
1396.39119930633,2845.548,2826.973,118.72538,1
1396.4120324459132,2836.824,2827.4214,116.35823,1
1396.4328655840995,2837.8955,2826.9573,114.2935,0
1396.4536987204235,2842.3555,2831.919,112.520645,0
1396.5161981172885,2826.6816,2809.168,109.65788,128
1396.5370312456962,2839.8984,2828.287,109.46455,0
1396.5578643722406,2833.1313,2816.6152,109.33472,0
1396.6620299750596,2815.4827,2834.915,109.265465,128
1396.6828630894538,2819.5073,2841.7998,109.275116,0
1396.703696201988,2811.1624,2832.97,109.25015,0
1396.724529312658,2815.1274,2842.3608,109.2686,0
1396.7453624210016,2815.6252,2836.0544,109.278534,0
1396.766195527481,2819.3127,2836.5361,109.268196,0
1396.787028632098,2821.6416,2843.5715,109.29625,0
1396.807861734388,2813.511,2837.7827,109.28998,0
1396.8286948352795,2803.5889,2829.6533,109.30404,0
1396.849527933843,2814.8367,2844.7505,109.2802,0
1396.8703610305433,2818.2764,2843.0657,109.28772,0
1396.8911941253818,2820.0093,2837.5762,109.281456,0
1396.912027217892,2818.6226,2843.1692,109.28095,0
1396.9328603090055,2814.9565,2842.8328,109.28175,0
1396.9536933977902,2816.051,2835.951,109.30796,0
1396.974526485178,2821.535,2835.0452,109.300476,0
1396.9953595702375,2803.4165,2824.6006,109.323784,0
1397.0161926534338,2791.5723,2780.8108,109.339554,128
1397.037025735234,2796.763,2821.4807,109.320625,0
1397.057858814705,2820.4478,2841.5198,109.28998,0
1397.0786918927802,2824.048,2851.9902,109.247,0
1397.099524968992,2815.0383,2842.3357,109.253204,0
1397.1203580433412,2812.338,2839.9956,109.263885,0
1397.141191115828,2816.8176,2839.2502,109.27404,0
1397.162024186452,2814.3494,2838.4187,109.31539,0
1397.182857255213,2821.1277,2844.4712,109.30316,0
1397.2036903225776,2822.7534,2844.082,109.320946,0
1397.2245233885446,2821.669,2844.7214,109.32666,0
1397.2453564521838,2808.1787,2837.4048,109.30273,0
1397.266189514426,2811.733,2836.4521,109.28754,0
1397.2870225748052,2814.3572,2839.7595,109.27365,0
1397.3078556337882,2810.7043,2840.5674,109.25826,0
1397.3286886913734,2815.6123,2839.245,109.25805,0
1397.3495217466302,2817.2395,2844.7893,109.24877,0
1397.370354800957,2819.229,2841.713,109.23444,0
1397.3911878534195,2807.4792,2833.3867,109.23674,0
1397.4120209040202,2819.1973,2839.8887,109.23719,0
1397.4328539532235,2817.3987,2845.3591,109.23062,0
1397.4536870010302,2815.2114,2841.07,109.20026,0
1397.47452004744,2818.4128,2845.0354,109.22551,0
1397.4953530919865,2811.7666,2835.7732,109.2108,0
1397.5161861351366,2816.2031,2844.1301,109.19395,0
1397.53701917689,2809.234,2842.8271,109.18691,0
1397.5578522172464,2813.2502,2843.1746,109.1898,0
1397.578685256206,2801.559,2839.0786,109.16356,0
1397.599518293302,2818.8535,2840.4338,109.146835,0
1397.620351329001,2813.8828,2840.8035,109.15376,0
1397.641184363304,2813.6243,2841.7468,109.13583,0
1397.662017396675,2816.158,2839.2397,109.14749,0
1397.682850428183,2822.4253,2845.0193,109.14173,0
1397.703683458295,2815.1511,2840.0403,109.1416,0
1397.7245164870096,2809.785,2835.8242,109.13532,0
1397.7453495143268,2819.7083,2839.7688,109.14369,0
1397.7661825407126,2811.0344,2839.0881,109.13731,0
1397.7870155652358,2828.0938,2847.5725,109.16017,0
1397.807848588829,2824.653,2848.1587,109.14878,0
1397.8286816105585,2810.5005,2837.1294,109.095856,0
1397.8495146313562,2818.544,2848.5203,109.076485,0
1397.870347650758,2820.8044,2842.8296,109.085106,0
1397.891180668762,2809.5479,2837.0884,109.061646,0
1397.912013685835,2817.9468,2843.8662,109.05061,0
1397.9328467010464,2815.8276,2841.6802,109.04749,0
1397.953679715326,2820.2324,2843.2698,109.05646,0
1397.9745127286728,2818.9858,2842.0835,109.020454,0
1397.995345740158,2816.0405,2843.0088,108.99533,0
1398.0161787507109,2815.832,2842.436,108.98123,0
1398.037011759869,2810.5535,2836.6282,108.9953,0
1398.0578447680941,2816.7163,2848.4978,108.97636,0
1398.0786777749222,2820.744,2847.1067,108.95658,0
1398.0995107803542,2817.511,2840.1704,108.96178,0
1398.120343784854,2825.1282,2846.2117,108.98,0
1398.1411767879572,2822.6992,2843.6436,108.98669,0
1398.1620097901286,2814.4585,2849.8743,108.97666,0
1398.1828427909036,2812.95,2844.557,108.96354,0
1398.203675790283,2816.6145,2842.783,108.93805,0
1398.2245087891945,2820.3748,2848.6572,108.95365,0
1398.245341786244,2813.715,2844.0176,108.98072,0
1398.2661747823631,2819.142,2843.3809,109.00773,0
1398.287007777549,2819.0078,2845.6868,108.98623,0
1398.3078407713392,2816.9204,2840.78,108.973335,0
1398.328673764197,2812.8298,2845.8152,108.976395,0
1398.3495067556591,2824.8916,2851.51,108.95651,0
1398.370339746189,2814.869,2842.5046,108.955696,0
1398.391172735789,2823.697,2847.6812,108.96153,0
1398.4120057239911,2822.1653,2843.0625,108.9293,0
1398.4328387112619,2820.7236,2848.5293,108.949005,0
1398.4536716976015,2812.3384,2838.2922,108.919815,0
1398.4745046825435,2814.5264,2843.8494,108.912254,0
1398.4953376665544,2812.0847,2839.9795,108.92113,0
1398.516170649168,2813.0007,2848.3115,108.91068,0
1398.537003631317,2818.7212,2834.043,108.89853,128
1398.557836612068,2826.2634,2852.1814,108.88458,0
1398.578669591423,2812.6375,2836.359,108.88323,0
1398.5995025703128,2815.6606,2843.9333,108.89616,0
1398.6203355478046,2824.2673,2848.3784,108.880745,0
1398.6411685243652,2821.4158,2847.7559,108.89474,0
1398.662001499994,2824.098,2848.7761,108.91142,0
1398.682834474226,2819.558,2844.4202,108.88594,0
1398.703667447527,2779.49,2320.0203,109.41169,164
1398.724500420362,2811.196,2667.5618,108.889694,164
1398.745333391801,2819.1472,2850.6184,108.87822,0
1398.7661663618428,2819.58,2854.4443,108.88197,0
1398.786999331418,2823.012,2846.6738,108.87054,0
1398.8078322995962,2834.7222,2851.608,108.86342,0
1398.82866526731,2810.6682,2842.9243,108.88156,0
1398.8494982336251,2811.5535,2841.8276,108.887375,0
1398.8703311990105,2823.6455,2851.5925,108.90651,0
1398.891164163464,2819.4524,2844.9666,108.94822,0
1398.91199712652,2817.4292,2847.8457,108.93441,0
1398.9328300891111,2819.981,2844.528,108.9859,0
1398.95366305077,2825.1409,2850.774,109.035866,0
1398.974496011032,2813.1606,2842.3108,109.0857,0
1398.9953289708296,2824.1223,2846.6396,109.10868,0
1399.01616192923,2816.4768,2844.0227,109.12867,0
1399.0369948866978,2824.476,2850.3433,109.132645,0
1399.0578278437006,2818.3997,2845.4668,109.13586,0
1399.078660799306,2820.5122,2851.0303,109.12088,0
1399.0994937539808,2826.633,2848.569,109.1194,0
1399.120326707724,2819.7073,2842.9243,109.12477,0
1399.1411596605365,2815.6982,2842.1887,109.128845,0
1399.1619926124172,2809.0208,2842.101,109.12965,0
1399.1828255633664,2826.5342,2849.552,109.15934,0
1399.2036585138494,2830.067,2853.05,109.17004,0
1399.224491462936,2820.9192,2847.939,109.18563,0
1399.245324411092,2820.2805,2852.9685,109.23856,0
1399.266157358316,2820.0454,2847.9092,109.27673,0
1399.2869903046085,2822.0276,2844.7632,109.311874,0
1399.3078232499688,2829.5527,2857.7212,109.35739,0
1399.3286561944,2826.7898,2849.176,109.3954,0
1399.3494891383639,2822.6277,2850.0466,109.419075,0
1399.370322080932,2821.703,2850.021,109.47206,0
1399.3911550230341,2826.0168,2853.3848,109.51343,0
1399.411987963738,2827.3242,2851.431,109.531265,0
1399.4328209039768,2828.9136,2851.778,109.54102,0
1399.4536538428192,2832.8943,2853.8328,109.51723,0
1399.474486781196,2822.4023,2845.4836,109.52192,0
1399.495319718641,2823.3318,2851.4746,109.42691,0
1399.5161526551547,2826.4705,2848.2847,109.38398,0
1399.536985590736,2813.5955,2841.7317,109.27787,0
1399.5578185253885,2827.0535,2850.451,109.282295,0
1399.5786514591086,2820.4397,2846.284,109.27291,0
1399.599484391897,2823.3118,2849.4648,109.26202,0
1399.620317324219,2814.0034,2844.9436,109.2049,0
1399.6411502551446,2820.421,2847.3608,109.1587,0
1399.6619831856055,2830.0225,2854.3184,109.13293,0
1399.6828161151345,2825.9583,2853.2048,109.10687,0
1399.7036490437322,2818.1611,2844.3284,109.10892,0
1399.7244819713978,2822.0112,2849.8916,109.11072,0
1399.7453148985992,2821.282,2846.818,109.06111,0
1399.766147824403,2821.3145,2853.0056,109.03396,0
1399.786980749741,2816.029,2843.0178,109.035095,0
1399.8078136736815,2821.1047,2847.6477,109.01504,0
1399.828646597156,2830.5608,2853.916,109.010956,0
1399.849479520166,2822.937,2847.6978,108.98469,0
1399.8703124417789,2825.3484,2852.7493,108.99566,0
1399.8911453629262,2822.1216,2849.0618,108.97982,0
1399.9119782826756,2814.7092,2841.686,108.9458,0
1399.9328112019605,2828.8137,2850.3977,108.932434,0
1399.953644120314,2818.29,2846.101,108.908875,0
1399.974477038201,2813.1692,2836.6626,108.89369,0
1399.995309954691,2820.5415,2846.9165,108.881454,0
1400.016142870716,2827.1228,2849.527,108.88378,0
1400.0369757858095,2815.8604,2844.5483,108.87979,0
1400.0578086999722,2829.0935,2855.642,108.88058,0
1400.078641613668,2828.1377,2849.516,108.85586,0
1400.0994745259675,2825.9226,2846.4548,108.851715,0
1400.1203074378018,2817.255,2847.5166,108.84183,0
1400.141140348704,2828.0063,2852.7764,108.82644,0
1400.1619732591398,2814.6323,2842.4602,108.8522,0
1400.1828061681804,2820.2446,2844.7588,108.81666,0
1400.2036390767548,2824.3684,2852.5974,108.81715,0
1400.224471984398,2836.3782,2854.4897,108.79397,0
1400.245304891575,2820.4958,2852.2515,108.76323,0
1400.2661377973554,2836.7683,2853.015,108.75476,0
1400.2869707026698,2812.6665,2843.0317,108.762344,0
1400.307803607053,2825.0554,2849.0366,108.71842,0
1400.3286365109707,2830.6196,2856.335,108.7428,0
1400.349469413957,2815.5183,2843.477,108.74207,0
1400.3703023160115,2827.8662,2850.2222,108.75797,0
1400.391135217135,2822.4624,2847.1475,108.73908,0
1400.411968117328,2820.856,2847.3071,108.72445,0
1400.4328010170545,2822.8813,2851.6313,108.73486,0
1400.4536339158499,2826.782,2847.9553,108.73714,0
1400.4744668141798,2818.3796,2843.6892,108.71727,0
1400.495299711578,2830.9546,2846.5095,108.69171,0
1400.5161326080456,2817.5945,2848.427,108.702576,0
1400.5369655035806,2826.8906,2849.1042,108.70692,0
1400.557798398651,2832.6128,2855.6084,108.71951,0
1400.5786312927894,2829.113,2845.6016,108.72242,0
1400.599464185997,2825.913,2847.9094,108.70639,0
1400.6202970782733,2825.4824,2845.7703,108.70708,0
1400.641129970084,2824.919,2842.1216,108.68695,0
1400.661962861428,2838.8477,2835.6921,108.71828,128
1400.6827957513765,2821.4988,2845.7058,108.70558,0
1400.703628640859,2786.742,2306.3652,109.275536,164
1400.724461529409,2763.5166,2639.6553,108.691635,164
1400.7452944174938,2813.587,2848.7532,108.695076,0
1400.7661273046479,2826.4648,2852.5322,108.69034,0
1400.786960190871,2824.4338,2853.498,108.668365,0
1400.807793076627,2820.3884,2848.565,108.685585,0
1400.8286259614524,2826.9707,2849.6272,108.69795,0
1400.8494588453482,2836.6035,2855.0913,108.70249,0
1400.870291728776,2821.5112,2845.1018,108.7094,0
1400.891124611273,2824.064,2850.8887,108.72014,0
1400.911957492839,2826.4045,2853.6753,108.73913,0
1400.932790373939,2813.1436,2843.5479,108.7347,0
1400.9536232541086,2819.948,2849.3887,108.744026,0
1400.974456133346,2816.2744,2841.0508,108.75266,0
1400.995289012118,2806.4368,2834.1306,108.76954,0
1401.0161218899584,2799.9175,2824.8118,108.75112,0
1401.036954767334,2804.3125,2833.195,108.79049,0
1401.057787643777,2815.6448,2841.5198,108.82309,0
1401.0786205192903,2817.063,2847.1665,108.82801,0
1401.099453394337,2821.1016,2845.1707,108.93428,0
1401.1202862684515,2828.4302,2850.034,109.00985,0
1401.141119141636,2816.606,2846.056,109.16126,0
1401.161952014354,2823.724,2846.135,109.38335,0
1401.1827848861408,2828.3901,2849.6716,109.62792,0
1401.2036177574628,2823.5503,2844.9163,109.83784,0
1401.224450627853,2827.055,2852.7498,109.78064,0
1401.2452834973124,2830.738,2852.3147,109.61578,0
1401.2661163663056,2825.3667,2851.731,109.443504,0
1401.286949234367,2820.7812,2842.623,109.27392,0
1401.3077821019629,2825.8467,2848.943,109.16865,0
1401.3286149686278,2831.0444,2852.54,109.0587,0
1401.349447834827,2821.821,2848.1091,108.995575,0
1401.370280699629,2825.0337,2853.735,108.93483,0
1401.3911135644312,2823.7686,2849.69,108.88179,0
1401.411946427836,2822.7253,2851.0308,108.83917,0
1401.4327792912409,2823.8147,2854.1736,108.79902,0
1401.45361215325,2819.6482,2853.7585,108.75081,0
1401.4744450147919,2817.8005,2850.9175,108.75539,0
1401.495277875404,2819.377,2845.78,108.72237,0
1401.5161107355489,2821.8435,2850.6086,108.71616,0
1401.5369435947632,2830.9912,2850.6333,108.706505,0
1401.557776453512,2827.673,2851.3308,108.68797,0
1401.5786093113288,2824.9238,2842.9595,108.67411,0
1401.599442168681,2828.3967,2841.779,108.682014,0
1401.620275025101,2824.4973,2850.7048,108.67581,0
1401.64110788059,2826.6565,2850.6123,108.65068,0
1401.6619407356134,2827.0024,2852.9902,108.652985,0
1401.682773589705,2822.0398,2849.78,108.637375,0
1401.7036064433319,2822.6328,2851.4326,108.65692,0
1401.724439296027,2830.1582,2852.2205,108.62176,0
1401.7452721482564,2827.8188,2851.0334,108.6094,0
1401.766104999555,2828.69,2850.7322,108.56805,0
1401.786937850386,2817.0527,2840.7537,108.57186,0
1401.8077707002885,2829.32,2852.3464,108.56851,0
1401.8286035492579,2832.8635,2853.9048,108.564514,0
1401.849436397762,2825.8071,2843.5222,108.559044,0
1401.8702692453344,2825.85,2848.4238,108.53903,0
1401.891102092441,2830.398,2848.9697,108.5491,0
1401.9119349390835,2826.6458,2848.0112,108.56048,0
1401.9327677843276,2828.5547,2848.9976,108.550674,0
1401.953600629572,2820.3855,2845.2754,108.552986,0
1401.97443347342,2828.194,2842.567,108.54027,0
1401.995266317268,2835.6216,2848.867,108.56793,0
1402.0160991597181,2823.886,2847.6934,108.54947,0
1402.036932001702,2826.5676,2839.3794,108.53763,0
1402.0577648432213,2828.1978,2853.671,108.56637,0
1402.0785976838101,2829.734,2853.0837,108.53297,0
1402.099430523932,2822.2485,2841.2114,108.5348,0
1402.1202633631228,2827.1443,2850.39,108.54808,0
1402.1410962013824,2830.0413,2851.9514,108.54277,0
1402.1619290391764,2818.8748,2848.21,108.523415,0
1402.1827618765042,2839.146,2851.1238,108.51542,0
1402.2035947129011,2831.103,2846.4656,108.51493,0
1402.224427548832,2842.224,2860.0527,108.5481,0
1402.2452603838324,2829.74,2846.2937,108.52904,0
1402.2660932179015,2839.9465,2851.1863,108.55215,0
1402.2869260515045,2838.9111,2858.8667,108.5443,0
1402.307758884642,2832.9575,2846.216,108.55655,0
1402.3285917168475,2830.0361,2850.154,108.51839,0
1402.349424548122,2837.4534,2849.553,108.51404,0
1402.370257378932,2828.2085,2843.1917,108.515976,0
1402.3910902092748,2833.5657,2852.571,108.5071,0
1402.4119230386868,2830.114,2842.0603,108.52883,0
1402.432755867167,2835.0461,2848.5476,108.49966,0
1402.4535886956478,2824.5515,2839.436,108.50195,0
1402.4744215227324,2832.155,2844.8044,108.511116,0
1402.4952543493505,2835.2888,2847.2815,108.507416,0
1402.5160871755024,2835.9163,2847.2756,108.50972,0
1402.536920000724,2835.3467,2845.8672,108.47384,0
1402.5577528180288,2836.9685,2846.9631,108.46093,0
1402.578585641853,2838.8794,2844.3074,108.47754,0
1402.5994184652104,2837.9285,2847.3794,108.49725,0
1402.6202512876375,2835.1545,2843.3306,108.48085,0
1402.6410841096,2839.1064,2841.167,108.458984,0
1402.66191693063,2837.8684,2843.3694,108.4913,0
1402.682749751194,2850.0344,2836.8782,108.49425,128
1402.7035825708276,2730.6582,2362.6196,109.2023,164
1402.7244153899956,2749.2634,2617.317,108.44628,164
1402.7452482082315,2827.8982,2854.091,108.474075,0
1402.7660810260015,2828.1038,2847.607,108.47201,0
1402.7869138433066,2827.477,2848.0713,108.47174,0
1402.80774665968,2835.429,2857.9773,108.471275,0
1402.828579475588,2822.9717,2848.0913,108.4809,0
1402.849412290565,2817.672,2838.4092,108.48367,0
1402.8702451050765,2833.757,2852.4705,108.465065,0
1402.8910779186554,2833.9124,2857.442,108.46578,0
1402.9119107317695,2827.1243,2848.3833,108.486145,0
1402.9327435439532,2831.4182,2852.0938,108.464455,0
1402.9535763556696,2832.5361,2850.099,108.46192,0
1402.9744091664552,2833.68,2853.8909,108.451744,0
1402.995241976775,2831.535,2850.7612,108.45114,0
1403.016074786629,2838.1062,2855.1426,108.47983,0
1403.0369075955525,2837.0176,2851.9028,108.439835,0
1403.0577404040096,2824.9116,2844.1533,108.45583,0
1403.0785732115355,2832.3208,2856.052,108.45396,0
1403.0994060185958,2827.9854,2850.8499,108.45599,0
1403.1202388247252,2840.0251,2857.3386,108.45019,0
1403.141071630388,2828.5193,2850.3591,108.46991,0
1403.1619044355862,2828.01,2848.3203,108.45716,0
1403.182737239852,2831.6838,2851.4214,108.41429,0
1403.2035700436536,2828.7542,2845.7532,108.42093,0
1403.2244028465225,2835.4321,2851.4526,108.442314,0
1403.2452356489266,2831.3452,2846.535,108.43905,0
1403.2660684503994,2835.402,2851.4038,108.43036,0
1403.2869012514066,2827.0432,2851.2595,108.4741,0
1403.3077340519476,2835.542,2854.9238,108.42669,0
1403.328566851557,2831.9553,2850.257,108.44014,0
1403.349399650701,2827.569,2847.7925,108.429955,0
1403.370232448914,2835.2888,2854.1785,108.40841,0
1403.3910652466611,2830.3843,2849.5117,108.40473,0
1403.4118980439425,2827.4937,2849.7078,108.44475,0
1403.4327308402935,2832.5037,2852.0376,108.435555,0
1403.4535636361775,2834.0498,2846.0588,108.4462,0
1403.4743964311306,2827.3025,2846.1047,108.41121,0
1403.495229225618,2831.839,2847.6113,108.435455,0
1403.5160620191741,2825.692,2851.7732,108.419106,0
1403.5368948122655,2830.5552,2853.71,108.441986,0
1403.5577276048905,2831.3047,2843.8328,108.41762,0
1403.5785603965835,2828.0088,2847.2917,108.43661,0
1403.599393187812,2832.5603,2848.9316,108.44475,0
1403.6202259785741,2830.12,2837.059,108.42514,128
1403.641058768405,2828.2085,2843.856,108.41444,0
1403.6618915577706,2827.914,2845.0598,108.42783,0
1403.6827243462044,2829.635,2839.6248,108.41444,0
1403.7035571341726,2830.5164,2847.5115,108.41822,0
1403.7243899216755,2829.1047,2845.0862,108.389,0
1403.7452227082472,2825.3274,2847.0095,108.43154,0
1403.7660554943525,2831.7766,2847.6821,108.43068,0
1403.786888279527,2826.442,2846.7869,108.45327,0
1403.8077210642355,2827.5308,2843.7615,108.443,0
1403.8285538484788,2831.035,2850.9727,108.421326,0
1403.84938663179,2828.4666,2850.1333,108.42153,0
1403.8702194146365,2830.7961,2843.935,108.40872,0
1403.891052197017,2833.293,2850.185,108.41528,0
1403.9118849784654,2837.685,2848.1404,108.423256,0
1403.93271775945,2838.1423,2850.4595,108.41582,0
1403.953550539501,2838.8403,2846.6653,108.44114,0
1403.9743833190885,2822.8591,2842.1873,108.41444,0
1403.9952160982089,2830.899,2845.2688,108.41619,0
1404.016048876399,2821.7903,2843.3992,108.40643,0
1404.036881654122,2825.7173,2842.2021,108.39207,0
1404.0577144313802,2826.7637,2844.5317,108.40524,0
1404.078547208173,2834.6938,2848.1367,108.415016,0
1404.0993799835692,2826.4517,2843.6477,108.38924,0
1404.120212758964,2828.275,2846.8625,108.419426,0
1404.141045533428,2835.327,2846.6528,108.39651,0
1404.161878307427,2830.6636,2848.802,108.40885,0
1404.18271108096,2830.597,2846.898,108.38209,0
1404.2035438535609,2827.2695,2845.903,108.399704,0
1404.224376625698,2833.7922,2847.0198,108.415276,0
1404.245209397368,2833.7786,2847.308,108.40364,0
1404.2660421681067,2828.2976,2844.5793,108.40763,0
1404.2868749383802,2826.2693,2838.8306,108.37155,0
1404.3077077077219,2836.5986,2842.4902,108.36534,0
1404.3285404765984,2828.977,2845.477,108.37968,0
1404.3493732450083,2830.4497,2842.2651,108.38073,0
1404.3702060129535,2827.9382,2835.267,108.35188,0
1404.3910387799674,2830.7466,2842.905,108.336296,0
1404.4118715465156,2840.9927,2839.192,108.35893,0
1404.4327043125975,2823.8215,2834.4524,108.36096,0
1404.453537077749,2834.2046,2837.3394,108.37182,0
1404.474369842434,2834.465,2837.5083,108.37368,0
1404.495202606654,2835.4253,2841.8635,108.39596,0
1404.516035369942,2827.2368,2835.135,108.40572,0
1404.5368681327645,2831.98,2829.9253,108.391174,0
1404.5577008951225,2830.7468,2838.0078,108.38088,0
1404.578533656548,2836.4148,2836.498,108.3935,0
1404.5993664175076,2838.333,2825.662,108.40179,0
1404.6201991780022,2832.7068,2818.3809,108.40582,128
1404.641031937565,2838.6506,2832.9375,108.43862,0
1404.6618646971285,2834.4846,2825.9355,108.41304,0
1404.682697455295,2833.8645,2838.2693,108.43266,0
1404.703530213461,2779.8184,2227.58,109.11336,164
1404.724362970696,2866.203,2533.872,108.4621,164
1404.7451957274652,2832.743,2849.1897,108.46708,0
1404.7660284837684,2821.9456,2844.8032,108.44624,0
1404.7868612391399,2823.5632,2844.9016,108.492966,0
1404.8076939945126,2831.6433,2848.841,108.484924,0
1404.828526748488,2831.8027,2844.3535,108.47224,0
1404.849359502463,2830.4463,2846.416,108.482666,0
1404.8701922555074,2826.6184,2844.1926,108.510765,0
1404.8910250080862,2825.9202,2844.879,108.50649,0
1404.911857760198,2826.857,2841.0623,108.535934,0
1404.932690511845,2833.178,2841.983,108.55505,0
1404.9535232625608,2832.2056,2849.998,108.5789,0
1404.9743560128104,2807.4297,2827.033,108.580605,0
1404.995188762595,2809.9102,2824.8604,108.61688,0
1405.0160215114474,2803.8567,2820.9192,108.6463,0
1405.0368542598344,2811.9233,2828.6487,108.63673,0
1405.057687007757,2829.9539,2841.3438,108.64651,0
1405.0785197552125,2827.063,2846.932,108.6565,0
1405.0993525017366,2834.1501,2847.6116,108.65654,0
1405.1201852477966,2827.874,2847.6401,108.70329,0
1405.1410179933896,2828.2744,2834.436,108.70486,0
1405.161850738517,2831.4155,2841.6016,108.70012,0
1405.1826834827134,2832.2966,2847.6565,108.72844,0
1405.2035162264442,2824.0696,2839.689,108.743965,0
1405.224348969709,2832.9766,2842.3381,108.7749,0
1405.2451817125088,2826.5708,2840.1995,108.81696,0
1405.2660144548427,2838.472,2850.1357,108.86016,0
1405.2868471962452,2826.3164,2840.9983,108.85709,0
1405.307679937181,2826.8442,2840.775,108.88249,0
1405.328512677653,2835.932,2847.8872,108.88557,0
1405.3493454171921,2829.8977,2838.744,108.86257,0
1405.3701781567315,2829.6543,2846.3691,108.86758,0
1405.3910108953405,2837.164,2853.693,108.84783,0
1405.4118436334838,2828.5164,2841.4756,108.85527,0
1405.432676370695,2833.0793,2837.7957,108.822586,0
1405.4535091079065,2833.7861,2842.0164,108.83626,0
1405.4743418441872,2834.1768,2843.3577,108.84045,0
1405.4951745800008,2829.825,2845.2576,108.808876,0
1405.51600731535,2833.2502,2845.616,108.78914,0
1405.536840050233,2826.7258,2841.327,108.77962,0
1405.5576727841853,2823.149,2841.0989,108.698204,0
1405.5785055181364,2837.8977,2842.56,108.65816,0
1405.599338251157,2823.6719,2836.6562,108.64741,0
1405.6201709837123,2835.1055,2844.4707,108.65766,0
1405.6410037158016,2833.8943,2838.7742,108.63094,0
1405.6618364469587,2826.2034,2839.452,108.62963,0
1405.6826691781175,2834.21,2848.8816,108.63427,0
1405.7035019083442,2823.715,2838.2039,108.62977,0
1405.7243346381051,2831.0168,2839.9534,108.634834,0
1405.745167367399,2829.5315,2839.217,108.62837,0
1405.7660000962296,2826.547,2834.1155,108.59693,0
1405.7868328241284,2826.4368,2837.6501,108.575134,0
1405.8076655520265,2830.777,2840.1028,108.57774,0
1405.8284982789924,2835.0674,2836.7124,108.60239,0
1405.8493310054946,2836.748,2833.89,108.58111,0
1405.8701637315305,2833.9536,2840.9775,108.566826,0
1405.8909964570998,2835.3193,2838.9111,108.55885,0
1405.9118291822042,2829.8215,2834.276,108.56054,0
1405.932661906377,2826.1348,2837.9478,108.54267,0
1405.953494630551,2834.4502,2838.7769,108.54714,0
1405.974327353792,2830.0999,2836.6855,108.527725,0
1405.9951600765676,2835.192,2842.6318,108.5216,0
1406.0159927988784,2847.1362,2841.433,108.53849,0
1406.036825520724,2838.6172,2838.83,108.54076,0
1406.0576582421022,2837.2075,2838.6174,108.52705,0
1406.0784909630156,2829.782,2831.2075,108.51254,0
1406.0993236834638,2839.8828,2837.62,108.526146,0
1406.12015640298,2834.5425,2826.7866,108.5239,0
1406.140989122497,2836.476,2831.6343,108.50066,0
1406.1618218410808,2826.7744,2830.58,108.50874,0
1406.182654559201,2837.7102,2835.059,108.49813,0
1406.203487276855,2838.5046,2835.052,108.49062,0
1406.2243199945085,3243.2559,828.1653,108.55568,132
1406.2451527112312,2952.0674,-1116.2218,110.08023,132
1406.265985427487,2848.2249,1966.5591,108.525375,132
1406.286818142813,2879.7803,2814.8098,108.45704,128
1406.307650858139,2872.6392,2817.6128,108.474724,0
1406.3284835729985,2878.427,2820.8774,108.470116,0
1406.3493162873929,2883.9407,2801.1914,108.4501,128
1406.370149001321,2884.12,2817.42,108.4485,0
1406.3909817143185,2885.6707,2818.9153,108.43967,128
1406.4118144273166,2889.7334,2813.1157,108.44488,128
1406.432647139382,2887.8857,2808.716,108.424614,128
1406.4534798514478,2891.8066,2800.847,108.427345,128
1406.4743125625814,2906.4072,2802.0574,108.422714,128
1406.495145273716,2886.1497,2798.0244,108.41365,128
1406.5159779839205,2896.3252,2805.3152,108.41945,128
1406.5368106941235,2896.0894,2801.5054,108.421394,128
1406.557643403395,2889.405,2809.851,108.43611,128
1406.5784761126665,2887.4758,2788.5193,108.41986,128
1406.599308821007,2896.4883,2811.941,108.38672,128
1406.6201415293485,2881.7388,2799.746,108.42707,128
1406.6409742367575,2887.3115,2804.0344,108.4059,128
1406.661806944166,2886.2622,2803.8718,108.38389,128
1406.6826396506444,2893.7942,2799.5369,108.377365,128
1406.7034723571219,2891.1519,2798.4287,108.35053,128
1406.7243050631346,2879.3545,2796.4294,108.367485,128
1406.7451377682164,2881.4612,2807.352,108.34532,128
1406.7659704732969,2885.6008,2798.3523,108.33814,128
1406.7868031779121,2883.0264,2789.5269,108.33218,128
1406.807635882062,2883.8926,2792.442,108.33438,128
1406.8284685857461,2891.052,2788.239,108.329865,128
1406.8493012889644,2894.8071,2799.3635,108.36393,128
1406.870133991717,2871.7595,2784.8743,108.32593,128
1406.8909666940044,2883.5654,2787.4634,108.34369,128
1406.9117993958262,2882.4043,2791.0273,108.32998,128
1406.932632097646,2887.3706,2798.2146,108.30442,128
1406.9534647985365,2907.705,2782.8281,108.29654,128
1406.9742974994274,2899.5637,2783.784,108.30905,128
1406.9951301998522,2899.3784,2780.9583,108.314606,128
1407.0159628998103,2892.3862,2791.6438,108.314384,128
1407.0367955993038,2902.8938,2777.0657,108.29661,128
1407.0576282983307,2891.2927,2784.3318,108.29696,128
1407.0784609968923,2897.3003,2779.8176,108.298,128
1407.099293695454,2885.7168,2785.9995,108.31854,128
1407.1201263930843,2882.305,2780.1628,108.30394,128
1407.1409590907156,2895.0588,2768.7627,108.31563,128
1407.1617917878812,2896.7068,2780.802,108.317894,128
1407.1826244845795,2899.9673,2774.5408,108.343735,128
1407.2034571812785,2893.6536,2776.8506,108.31826,128
1407.224289877511,2889.2566,2777.7769,108.32818,128
1407.2451225728141,2890.3047,2773.8213,108.326256,128
1407.2659552685818,2905.353,2782.149,108.31482,128
1407.2867879634186,2900.6152,2774.8757,108.33254,128
1407.3076206582555,2888.6838,2778.1482,108.335175,128
1407.328453352161,2901.9797,2770.2568,108.33077,128
1407.3492860465315,2892.768,2763.4854,108.34089,128
1407.370118739971,2887.554,2771.8367,108.28745,128
1407.39095143341,2886.857,2758.3586,108.299614,128
1407.4117841263835,2896.4243,2754.9487,108.30119,128
1407.4326168188918,2882.3696,2747.239,108.30481,128
1407.4534495114003,2908.6562,2752.938,108.31342,128
1407.4742822034436,2895.1765,2760.4214,108.27761,128
1407.49511489502,2896.6677,2769.3264,108.30134,128
1407.5159475865976,2887.8594,2759.7175,108.272224,128
1407.5367802777082,2893.7815,2759.1099,108.279884,128
1407.5576129683532,2886.7317,2752.4944,108.29192,128
1407.5784456589986,2901.7458,2747.575,108.30183,128
1407.5992783491788,2903.6614,2758.2405,108.30592,128
1407.6201110393586,2911.491,2758.4668,108.29555,128
1407.6409437290736,2904.4187,2763.8293,108.30813,128
1407.661776418322,2889.422,2759.2288,108.281166,128
1407.6826091075704,2903.8787,2764.8164,108.274254,128
1407.7034417963546,2909.6707,2752.0115,108.2793,128
1407.724274485137,2901.433,2751.5647,108.26419,128
1407.7451071734545,2909.8606,2751.4282,108.26676,128
1407.7659398617711,2900.9404,2741.5312,108.24764,128
1407.7867725500873,2899.2075,2747.2598,108.2896,128
1407.8076052374745,2904.1438,2755.1736,108.25635,128
1407.828437925326,2900.6543,2757.4639,108.27459,128
1407.8492706127115,2890.7842,2763.6648,108.261116,128
1407.8701032996323,2899.271,2741.7954,108.278755,128
1407.890935986553,2893.2969,2772.6172,108.26824,128
1407.9117686734735,2891.3975,2760.8186,108.27615,128
1407.932601360394,2902.215,2757.0132,108.35255,128
1407.9534340468485,2904.9749,2754.1924,108.4878,128
1407.9742667328373,2911.42,2751.248,108.737404,128
1407.995099418827,2888.7778,2758.3267,109.21052,128
1408.0159321052815,2881.2915,2747.2996,109.87644,128
1408.0367647908051,2889.9282,2747.9233,110.817215,128
1408.057597476793,2895.2544,2757.8518,112.009346,128
1408.078430162316,2889.564,2759.028,113.49356,128
1408.09926284784,2887.0903,2745.0945,115.215096,129
1408.1200955333634,2894.2349,2771.336,117.20015,129
1408.1409282184209,2903.4773,2767.4915,119.42834,129
1408.161760903944,2890.559,2760.2683,121.90938,129
1408.182593589002,2893.1248,2747.24,124.603134,129
1408.2034262740603,2872.7578,2765.2427,127.459946,129
1408.2242589591178,2874.6497,2728.7058,130.48116,129
1408.2450916441753,2852.1592,2740.0933,133.552,129
1408.265924329234,2845.727,2727.1003,136.68959,129
1408.286757013826,2838.875,2726.683,139.86993,129
1408.3075896988835,2806.6858,2709.849,143.14777,129
1408.328422383941,2817.7083,2718.0574,146.74945,129
1408.3492550689984,2821.5237,2712.42,150.91478,129
1408.370087754057,2814.8743,2718.3179,155.18665,129
1408.3909204391143,2815.3938,2701.1035,160.1834,129
1408.4117531241725,2805.0994,2698.4211,166.03833,129
1408.4325858092307,2774.8657,2687.8438,172.70305,129
1408.4534184942881,2770.2947,2681.2554,180.29947,129
1408.4742511798115,2751.7156,2667.867,189.21637,129
1408.4950838648688,2737.5676,2661.3574,199.90778,129
1408.515916550392,2725.5842,2643.0547,212.8088,129
1408.5367492363805,2704.8027,2626.5173,228.0867,129
1408.5575819219039,2680.8171,2614.5361,245.92798,129
1408.5784146078931,2650.7385,2587.4534,266.8013,129
1408.5992472938824,2634.087,2564.146,290.4745,129
1408.6200799803369,2612.894,2532.1904,316.28842,129
1408.6409126667913,2586.8303,2520.1023,344.52222,129
1408.6617453537124,2577.9048,2501.5266,375.98834,1
1408.682578040633,2569.2378,2471.6301,410.82806,129
1408.7034107275535,2546.5833,2430.1282,448.94168,129
1408.724243415405,2530.278,2418.3284,491.34265,129
1408.7450761027903,2535.2827,2391.6328,539.1165,1
1408.7659087911084,2516.079,2364.034,592.67914,129
1408.786741479426,2509.059,2328.5015,652.8499,1
1408.807574168209,2499.5598,2296.9292,720.4664,1
1408.8284068569924,2494.9758,2249.253,794.3139,1
1408.849239546707,2480.9417,2217.8523,872.4469,1
1408.870072236421,2464.2598,2177.117,951.3708,129
1408.8909049266008,2443.2295,2143.5076,1029.8234,1
1408.9117376172467,2448.6406,2120.8586,1111.5413,1
1408.9325703083587,2437.086,2101.4602,1196.6279,1
1408.953402999935,2410.2607,2063.413,1283.7577,1
1408.9742356919774,2381.3477,2026.8296,1369.7969,1
1408.9950683844863,2379.3306,2012.1915,1452.312,1
1409.0159010774605,2367.518,1995.4982,1528.977,1
1409.0367337713656,2362.09,1993.0126,1594.8643,1
1409.0575664652715,2366.9631,1988.216,1646.0967,1
1409.0783991601083,2362.3853,1982.4108,1678.432,1
1409.0992318554115,2350.0913,1979.1917,1688.3136,1
1409.120064551645,2362.8306,1987.7427,1678.5645,1
1409.1408972483446,2355.041,1979.017,1655.8936,1
1409.16172994551,2353.3064,1975.6278,1623.3884,1
1409.1825626436062,2380.956,1985.455,1583.0387,1
1409.2033953421674,2368.6482,1992.5632,1536.1053,1
1409.2242280416615,2392.7654,2004.9818,1483.0668,1
1409.24506074162,2382.4072,2021.0947,1425.1464,1
1409.2658934425103,2394.5938,2041.1698,1360.9138,1
1409.286726144332,2413.7566,2072.3167,1290.1998,1
1409.307558846619,2421.0112,2102.624,1216.3374,1
1409.328391549838,2426.7463,2131.5242,1141.9135,1
1409.3492242539878,2434.1956,2155.278,1069.6099,1
1409.370056959069,2435.791,2187.9866,1002.37744,1
