TIME,PSF_FLUX,APER_FLUX,BKG_FLUX,QUALITY,APER_FLUX_FLAT,APER_FLUX_FLAT_ERR,APER_FLUX_TREND
1790.6779614552777,644.3712768554688,0.991667051684586,67.1808853149414,0,0.9985249393301595,0.002133316484875509,0.9931319816106206
1790.6987950292714,643.8538818359375,0.9931750672871744,67.18000793457031,0,0.9998291751527028,0.002133316484875509,0.9933447552533041
1790.7196286028284,644.0400390625,0.9924556875740964,67.1903076171875,0,0.9991270522038771,0.002133316484875509,0.9933228065288944
1790.74046217592,641.9310302734375,0.9933090629328803,67.1703872680664,0,1.0001941032434922,0.002133316484875509,0.9931162958386931
1790.7612957486335,645.9326171875,0.995679205014373,67.17674255371094,0,1.0026905596745974,0.002133316484875509,0.9930074591881071
1790.78212932091,645.0736694335938,0.9970119159203672,67.16259002685547,0,1.0040326552385963,0.002133316484875509,0.9930074591881071
1790.802962892867,642.478759765625,0.9923552849378826,67.18508911132812,0,0.9993432332816939,0.002133316484875509,0.9930074591881071
1790.823796464445,640.9754638671875,0.9921290731876876,67.1637191772461,0,0.9991154285979507,0.002133316484875509,0.9930074591881071
1790.8446300357025,640.9310913085938,0.9885149546762552,67.15245819091797,0,0.9954758602563519,0.002133316484875509,0.9930074591881071
1790.865463606612,644.3865966796875,0.9937601690603488,67.15557098388672,0,1.0007580102901312,0.002133316484875509,0.9930074591881071
1790.8862971772585,639.8641357421875,0.9911386910450916,67.1433334350586,0,0.9981180724014466,0.002133316484875509,0.9930074591881071
1790.907130747586,644.9273681640625,0.9979250435509373,67.14769744873047,0,1.0049522129137387,0.002133316484875509,0.9930074591881071
1790.9279643176503,647.7214965820312,0.9968403751464048,67.17204284667969,0,1.0038599065121137,0.002133316484875509,0.9930074591881071
1790.9487978874536,642.8779907226562,0.9914873243788986,67.13289642333984,0,0.9984691607347529,0.002133316484875509,0.9930074591881071
1790.969631457023,641.6683959960938,0.9896709494146676,67.16488647460938,0,0.9966399952562618,0.002133316484875509,0.9930074591881071
1790.9904650263315,643.94384765625,0.9933635457129816,67.19336700439453,0,1.0003585940081112,0.002133316484875509,0.9930074591881071
1791.011298595407,643.9144897460938,0.994845590249408,67.18156433105469,0,1.0018510747772265,0.002133316484875509,0.9930074591881071
1791.0321321642791,643.1480712890625,0.9957607880374258,67.17132568359375,0,1.0026458163588237,0.002133316484875509,0.9931331401287833
1791.0529657329466,641.6298828125,0.9931117392888876,67.1682357788086,0,0.9999754715674352,0.002133316484875509,0.9931360993607286
1791.0737993014104,641.1963500976562,0.9887094553782736,67.18081665039062,0,0.9954797922032697,0.002133316484875509,0.9931989208841583
1791.0946328697296,641.703369140625,0.9918815952746208,67.1839370727539,0,0.9986831716844969,0.002133316484875509,0.993189455271982
1791.386302809776,640.294189453125,0.9621125429804678,67.4085922241211,0,0.996754960579215,0.002133316484875509,0.9652448004085011
1791.4071363759986,643.2269287109375,0.9631107352625256,67.5043716430664,0,0.9974294536421999,0.002133316484875509,0.9655928364112805
1791.427969942164,640.4179077148438,0.9582350439828474,67.63542175292969,0,0.9920410548887462,0.002133316484875509,0.9659227702933222
1791.448803508213,648.03515625,0.962319276431041,67.3732681274414,0,0.9963281291754286,0.002133316484875509,0.9658658109226188
1791.4696370741444,648.356689453125,0.9611022120479212,67.36482238769531,0,0.9948731627202215,0.002133316484875509,0.9660550189333056
1791.511304205835,654.634033203125,0.9635595830364148,67.5164566040039,0,0.9969691594530448,0.002133316484875509,0.966488856651334
1791.532137771592,651.6226806640625,0.9661678873224592,67.4013442993164,0,0.9994686492815342,0.002133316484875509,0.9666815342502106
1791.552971337233,651.3273315429688,0.9633995222264808,67.18135833740234,0,0.9963859241328299,0.002133316484875509,0.9668939503184395
1791.573804902816,652.134033203125,0.9666522100671568,67.02518463134766,0,0.9996073607061126,0.002133316484875509,0.9670319047914208
1791.5946384682825,650.9429931640625,0.9676032592182464,66.88340759277344,0,1.0002012934905211,0.002133316484875509,0.9674085261792519
1791.6154720337486,652.3880004882812,0.9693546124190062,66.84005737304688,0,1.0017360031873297,0.002133316484875509,0.9676747260103538
1791.636305599099,650.9503784179688,0.9656441374881896,66.80825805664062,0,0.9975363880888103,0.002133316484875509,0.9680289852265707
1791.657139164391,649.7936401367188,0.9661480326305744,66.82306671142578,0,0.9975195863501749,0.002133316484875509,0.9685504383584227
1791.677972729683,653.3399658203125,0.9686288340374536,66.81683349609375,0,0.9996316188274504,0.002133316484875509,0.9689857901590162
1791.6988062948583,654.611328125,0.9698857019024087,66.83563995361328,0,1.0005408945902057,0.002133316484875509,0.9693613795762417
1791.719639859976,651.3310546875,0.9682003114457782,66.85912322998047,0,0.9985422349021331,0.002133316484875509,0.969613780573509
1791.7404734250936,652.5350952148438,0.9713015954985744,66.9237289428711,0,1.001107841528092,0.002133316484875509,0.9702267380265233
1791.7613069900935,655.511962890625,0.9711649651070258,66.97796630859375,0,1.0003284505722099,0.002133316484875509,0.9708460901531872
1791.782140555094,649.11669921875,0.964824166942766,66.99237060546875,0,0.9931234528970903,0.002133316484875509,0.971504765221513
1791.8029741199784,653.9701538085938,0.976201187686967,67.01806640625,0,1.0041749359571515,0.002133316484875509,0.9721425547795408
1791.823807684863,651.9066162109375,0.9693154676236314,67.06683349609375,0,0.9964779829254748,0.002133316484875509,0.9727414797243193
1791.8446412497478,651.6495361328125,0.9694596258604444,67.05628967285156,0,0.9963178700794376,0.002133316484875509,0.9730424947443211
1791.865474814516,652.9253540039062,0.969647445599791,67.0552978515625,0,0.995859028022192,0.002133316484875509,0.9736794248133112
1791.8863083792844,654.4490966796875,0.9757077374298864,67.07080078125,0,1.0014705660675463,0.002133316484875509,0.974275001671969
1791.907141943994,655.0308227539062,0.9779231822911956,67.05132293701172,0,1.0030571834292021,0.002133316484875509,0.974942603918074
1791.927975508704,656.296875,0.9772630843595748,67.10012817382812,0,1.0017754582053962,0.002133316484875509,0.9755310697172265
1791.948809073297,654.9169311523438,0.9765749452043438,67.09164428710938,0,1.0004708135625855,0.002133316484875509,0.9761153768462764
1791.9696426379496,651.232666015625,0.97758932235372,67.12123107910156,0,1.0009253485792324,0.002133316484875509,0.9766855477697344
1791.9904762024837,652.1001586914062,0.9764748248623276,67.12952423095703,0,0.9991154882435492,0.002133316484875509,0.9773392929569894
1792.011309767019,652.9077758789062,0.9774385772523008,67.14012145996094,0,0.999516545865794,0.002133316484875509,0.9779113525385725
1792.0321433315544,652.5094604492188,0.9797151858563832,67.11288452148438,0,1.0012743157643853,0.002133316484875509,0.9784683082662081
1792.052976896031,652.7918701171875,0.9763200335440784,67.14176177978516,0,0.9967769835217966,0.002133316484875509,0.9794769037448677
1792.0738104604509,651.5697631835938,0.9819614948832766,67.15360260009766,0,1.0019633216805448,0.002133316484875509,0.9800373662743261
1792.094644024869,656.6634521484375,0.9829513124374776,67.14983367919922,0,1.0024954919993354,0.002133316484875509,0.9805044713738514
1792.1154775892296,651.1410522460938,0.9802400648674426,67.14539337158203,0,0.9990746024176228,0.002133316484875509,0.9811480168702085
1792.1363111535904,652.413330078125,0.9829619455189136,67.11499786376953,0,1.0015718512644642,0.002133316484875509,0.9814193003506878
1792.1571447179508,651.3787231445312,0.9803652152949632,67.1280517578125,0,0.998003519990983,0.002133316484875509,0.9823264103355275
1792.1779782822534,650.3512573242188,0.9815768219902664,67.1228256225586,0,0.9989540990674209,0.002133316484875509,0.9826045289834866
1792.1988118464983,650.3340454101562,0.9833029569093904,67.14087677001953,0,1.0004537961000224,0.002133316484875509,0.9828569402630192
1792.219645410802,651.3236083984375,0.9849860890124418,67.16107177734375,0,1.0019413847002216,0.002133316484875509,0.9830775572836001
1792.240478975045,652.533935546875,0.9859731777227346,67.16281127929688,0,1.0025522346130935,0.002133316484875509,0.9834631490330705
1792.261312539232,651.3934326171875,0.9846555225072692,67.13861846923828,0,1.0007196289661753,0.002133316484875509,0.9839474454243476
1792.2821461034175,652.2035522460938,0.985215500096874,67.17259979248047,0,1.0008895315372972,0.002133316484875509,0.9843398987135484
1792.302979667604,650.4283447265625,0.985274217289936,67.16873168945312,0,1.0005727549574563,0.002133316484875509,0.9847102196299851
1792.3238132317315,649.9255981445312,0.9863689541875098,67.18278503417969,0,1.0012861848979906,0.002133316484875509,0.9851019309609265
1792.3446467958595,650.3237915039062,0.9837134126724312,67.19710540771484,0,0.9982195934928663,0.002133316484875509,0.9854679462164466
1792.3654803599875,651.0814819335938,0.983776176082323,67.19804382324219,0,0.9978987222323796,0.002133316484875509,0.9858477159701504
1792.3863139241143,650.7608642578125,0.9883665620264808,67.22129821777344,0,1.0021901969888256,0.002133316484875509,0.9862065753547787
1792.407147488184,647.7699584960938,0.985211642076176,67.21587371826172,0,0.998729843067757,0.002133316484875509,0.9864646069350869
1792.4279810522537,648.4358520507812,0.9857210890044434,67.2135238647461,0,0.9989008465400104,0.002133316484875509,0.9868057399478447
1792.448814616265,646.6492309570312,0.9848311094980612,67.23540496826172,0,0.9977339262992451,0.002133316484875509,0.987067878057387
1792.4696481803348,649.4192504882812,0.988906967218398,67.24385070800781,0,1.0015107083845862,0.002133316484875509,0.9874152706898983
1792.490481744346,652.1477661132812,0.9890482084151712,67.25491333007812,0,1.001266204844303,0.002133316484875509,0.9877974544931019
1792.5113153083576,650.33251953125,0.9874928614854828,67.25169372558594,0,0.9993592443602776,0.002133316484875509,0.9881260087983768
1792.5321488723112,649.7040405273438,0.9902606619930666,67.25357818603516,0,1.0018954470598198,0.002133316484875509,0.9883872263309541
1792.5529824362638,648.0492553710938,0.9887796525353642,67.25959777832031,0,1.0000658886545442,0.002133316484875509,0.9887145074667388
1792.5738160002754,649.802734375,0.9870261350790908,67.26335144042969,0,0.9980859806801763,0.002133316484875509,0.9889189450456478
1792.5946495642283,649.3526000976562,0.9924718724414148,67.27051544189453,0,1.0033475615432104,0.002133316484875509,0.9891605964686173
1792.615483128124,648.7322387695312,0.9881939861737948,67.25940704345703,0,0.9987146164153967,0.002133316484875509,0.9894658293083136
1792.636316692078,649.5725708007812,0.9902665901712124,67.27561950683594,0,1.000462629362135,0.002133316484875509,0.989808675614977
1792.6571502559725,647.7828369140625,0.9894363629366162,67.26419830322266,0,0.9993396052046741,0.002133316484875509,0.9900902133604225
1792.6779838198674,648.4284057617188,0.9908365421557924,67.2880630493164,0,1.0004797438972268,0.002133316484875509,0.9903614223073915
1792.6988173837626,648.6334838867188,0.99239123039902,67.28203582763672,0,1.001704262335167,0.002133316484875509,0.990702812909634
1792.719650947658,648.7356567382812,0.9898937736344936,67.30087280273438,0,0.9989791302910601,0.002133316484875509,0.9909053588998207
1792.7404845115525,649.0259399414062,0.994974786893758,67.27845764160156,0,1.0038631032513747,0.002133316484875509,0.9911458879912722
1792.7613180753897,649.2970581054688,0.9925114877271186,67.31265258789062,0,1.0011913077319703,0.002133316484875509,0.991330508027967
1792.7821516392264,644.4151611328125,0.989349604519944,67.27904510498047,0,0.9978907275102998,0.002133316484875509,0.9914408233738522
1792.8029852030631,650.4627075195312,0.9939321803246404,67.29448699951172,0,1.0023712420023791,0.002133316484875509,0.9915809020409639
1792.8238187668994,648.1522216796875,0.993444752343771,67.31324768066406,0,1.0016683489102698,0.002133316484875509,0.9917901004105348
1792.844652330737,646.315673828125,0.9917365901552156,67.3058853149414,0,0.9997457972321716,0.002133316484875509,0.9919887564427581
1792.865485894573,647.1975708007812,0.9905342991684272,67.29650115966797,0,0.9983184790331028,0.002133316484875509,0.9922027088267316
1792.88631945841,649.9771118164062,0.993773625083759,67.32575225830078,0,1.0014107248465962,0.002133316484875509,0.9923736589060326
1792.9071530221886,645.0720825195312,0.9906252919980604,67.32183837890625,0,0.9980330432286735,0.002133316484875509,0.9925776493264704
1792.9279865859671,649.7688598632812,0.9924649091845452,67.34899139404297,0,0.9997133702488645,0.002133316484875509,0.9927494607154099
1792.948820149804,648.7199096679688,0.9938813673691056,67.34469604492188,0,1.0010097464027377,0.002133316484875509,0.9928788115607776
1792.969653713583,648.90576171875,0.9959923633773716,67.34459686279297,0,1.003104012477877,0.002133316484875509,0.9929103572390883
1792.9904872773614,647.9140625,0.9915120721702052,67.34776306152344,0,0.9984385887867367,0.002133316484875509,0.9930626513294639
1793.01132084114,649.3045654296875,0.9927444745380514,67.36151885986328,0,0.9996124988973996,0.002133316484875509,0.9931293132419574
1793.032154404861,647.4728393554688,0.9947589259308016,67.35169219970703,0,1.0014878629538408,0.002133316484875509,0.9932810598391153
1793.0529879686396,647.6434936523438,0.9926251581906108,67.36377716064453,0,0.9992580393156267,0.002133316484875509,0.9933621938838154
1793.0738215324182,646.6533203125,0.993848338948008,67.33853149414062,0,1.0003226262117815,0.002133316484875509,0.9935278008373243
1793.0946550961385,645.7767944335938,0.9943010447425952,67.36370086669922,0,1.0008199122902681,0.002133316484875509,0.9934864729731893
1793.115488659917,644.6351928710938,0.99068429148532,67.33794403076172,0,0.9970414592812572,0.002133316484875509,0.9936239684551132
1793.1363222236373,646.7333374023438,0.9923252676548908,67.34001922607422,0,0.998580367832891,0.002133316484875509,0.9937360072564065
1793.157155787358,646.9634399414062,0.9937232826185536,67.36810302734375,0,0.9998746489052733,0.002133316484875509,0.9938478625361142
1793.1779893511366,647.0862426757812,0.9945259391198688,67.35295104980469,0,1.0005184448963302,0.002133316484875509,0.9940105993977127
1793.198822914857,646.138427734375,0.9963466425951268,67.35995483398438,0,1.0021612068329797,0.002133316484875509,0.9941979751379241
1793.2196564785777,645.2283325195312,0.9945563327951238,67.36177825927734,0,1.0001308688591903,0.002133316484875509,0.9944261933736479
1793.240490042298,648.3626098632812,0.9948313814414712,67.34844207763672,0,1.0004133632388434,0.002133316484875509,0.9944203246353082
1793.261323606019,649.4561157226562,0.9986420708123702,67.35112762451172,0,1.0040113764547025,0.002133316484875509,0.9946521466108361
1793.282157169739,646.9584350585938,0.9963331865717168,67.3536605834961,0,1.0016284447166883,0.002133316484875509,0.9947133508708716
1793.302990733401,644.3062133789062,0.9909904865914492,67.3662338256836,0,0.9962475664425302,0.002133316484875509,0.9947231190035892
1793.3238242971215,646.3765258789062,0.9948116208476524,67.35710906982422,0,1.0001669076960291,0.002133316484875509,0.9946456068410491
1793.344657860842,646.5294799804688,0.9925201447491728,67.34508514404297,0,0.997637722932112,0.002133316484875509,0.9948703040539623
1793.3654914245626,647.67236328125,0.9941766470996012,67.34808349609375,0,0.9991002018436256,0.002133316484875509,0.9950720110606133
1793.3863249882245,645.9907836914062,0.993804959739672,67.3271713256836,0,0.9987451019119727,0.002133316484875509,0.995053650663374
1793.4071585519446,649.0093994140625,0.9973471873288298,67.35176849365234,0,1.002092758227697,0.002133316484875509,0.9952643396932034
1793.4279921156071,644.2352905273438,0.9941257400460008,67.34982299804688,0,0.9986778705528204,0.002133316484875509,0.9954418430196118
1793.448825679328,647.8866577148438,0.9976004993219764,67.33533477783203,0,1.0022241418412208,0.002133316484875509,0.9953866182960328
1793.4696592429905,647.9280395507812,0.994850389250764,67.35820770263672,0,0.9992870894711166,0.002133316484875509,0.9955601345528233
1793.490492806711,647.2972412109375,0.997345117171382,67.3536376953125,0,1.001687361378858,0.002133316484875509,0.9956650703853358
1793.5113263703724,647.9246215820312,0.999452725649279,67.34864807128906,0,1.0036520763665122,0.002133316484875509,0.995815929826563
1793.532159934093,646.726318359375,0.9959312937326642,67.35078430175781,0,0.9999502176829085,0.002133316484875509,0.9959808759684488
1793.552993497756,646.3550415039062,0.9976538529252876,67.34339904785156,0,1.0017457866046398,0.002133316484875509,0.9959151975141104
1793.5738270614183,645.3002319335938,0.9936433933606852,67.32819366455078,0,0.9975991776403795,0.002133316484875509,0.9960346957291495
1793.5946606251384,647.5888061523438,0.9996719741426044,67.34313201904297,0,1.0036262701272676,0.002133316484875509,0.9960599915502792
1793.6154941888003,645.4888916015625,0.9957082813167067,67.31269073486328,0,0.9998633929360206,0.002133316484875509,0.9958443206855362
1793.6363277524629,644.7266235351562,0.9952258405333252,67.32512664794922,0,0.9993490315895557,0.002133316484875509,0.9958741231282606
1793.657161316125,645.9031982421875,0.9951639240060256,67.3287582397461,0,0.9991280760486004,0.002133316484875509,0.9960323885019301
1793.6779948798448,646.427734375,0.996953104629239,67.3239517211914,0,1.0009550251385575,0.002133316484875509,0.9960018977788092
1793.698828443508,647.4996337890625,0.9963086269765415,67.32514953613281,0,1.00011312131227,0.002133316484875509,0.9961959359849849
1793.7196620071704,643.0056762695312,0.9933831181106688,67.34272766113281,0,0.9971720722756041,0.002133316484875509,0.996200300559673
1793.740495570833,645.3959350585938,0.9978431782336872,67.34564208984375,0,1.0015523621634441,0.002133316484875509,0.9962965651423907
1793.761329134554,646.785400390625,0.997818712736578,67.33592987060547,0,1.0015290998675401,0.002133316484875509,0.9962952777593252
1793.782162698217,644.9827270507812,0.99263908470435,67.34735107421875,0,0.9961078546062768,0.002133316484875509,0.9965176763882684
1793.802996261879,645.1989135742188,0.9973031494340332,67.33990478515625,0,1.0007766706687768,0.002133316484875509,0.9965291744536546
1793.8238298255417,644.8480224609375,0.995602044600413,67.31278991699219,0,0.9990457085087615,0.002133316484875509,0.9965530466934404
1793.844663389204,647.4247436523438,0.997458034850348,67.32035064697266,0,1.0010666519841314,0.002133316484875509,0.9963952279035256
1793.8654969529243,647.989013671875,0.9987136794404478,67.3491439819336,0,1.0023882059554223,0.002133316484875509,0.9963342281033004
1793.886330516586,646.104736328125,0.9951264729758352,67.35540771484375,0,0.9986955787747317,0.002133316484875509,0.9964262325029262
1793.907164080249,643.9736938476562,0.9970035411925104,67.36414337158203,0,1.0007558552196931,0.002133316484875509,0.9962505200368187
1793.9279976439116,645.7363891601562,0.9954114019190924,67.34431457519531,0,0.9991411159486308,0.002133316484875509,0.9962670798248582
1793.9488312075734,641.6289672851562,0.9927580246595272,67.35423278808594,0,0.9966162537799018,0.002133316484875509,0.9961286712857217
1793.9696647712935,645.38671875,0.9970329938871072,67.33563995361328,0,1.0009154222454828,0.002133316484875509,0.9961211224524189
1793.990498334956,648.3251953125,0.9972914812738732,67.35926818847656,0,1.001183362948804,0.002133316484875509,0.996112718390098
1794.0113318986191,645.4937744140625,0.9941745769421536,67.35484313964844,0,0.997924469248472,0.002133316484875509,0.9962423084893965
1794.032165462281,645.5545043945312,0.9973696767665572,67.33992767333984,0,1.001251952013187,0.002133316484875509,0.9961225790982741
1794.052999026001,642.30126953125,0.9943583504646704,67.36373901367188,0,0.9981809887838741,0.002133316484875509,0.9961703955874165
1794.073832589664,642.9727783203125,0.9961311580244336,67.35051727294922,0,0.9999321149882281,0.002133316484875509,0.9961987849906799
1794.094666153327,644.9789428710938,0.9975034842161316,67.3395004272461,0,1.0012891642587425,0.002133316484875509,0.9962191940373055
1794.115499717047,645.9306030273438,0.9976304225069024,67.37102508544922,0,1.001394390412545,0.002133316484875509,0.996241273226933
1794.136333280709,646.3743286132812,0.9979830079594731,67.3505859375,0,1.0016615464194634,0.002133316484875509,0.9963275634637871
1794.157166844371,644.142333984375,0.9954786820361428,67.3798599243164,0,0.9991329952761671,0.002133316484875509,0.9963425157038136
1794.178000408092,642.3370971679688,0.9953938055807868,67.38055419921875,0,0.9989252271222013,0.002133316484875509,0.9964647788988289
1794.1988339717543,647.2686767578125,0.9967586980252864,67.3805160522461,0,1.0003272933015124,0.002133316484875509,0.9964325723189575
1794.2196675354164,646.8629150390625,0.9972507368113798,67.36494445800781,0,1.0009237743052792,0.002133316484875509,0.9963303524322331
1794.240501099138,643.6639404296875,0.9936576021686216,67.39253997802734,0,0.9972044500734409,0.002133316484875509,0.996443208908105
1794.2613346627995,644.1375122070312,0.9947083952694644,67.38897705078125,0,0.998194284943781,0.002133316484875509,0.9965078044155372
1794.28216822652,643.701416015625,0.9921063955538288,67.40452575683594,0,0.9954396004810736,0.002133316484875509,0.9966515246875512
1794.3030017902406,642.3946533203125,0.989519451528722,67.4237060546875,0,0.9927620044303471,0.002133316484875509,0.9967338064035944
1794.323835353903,644.1243286132812,0.9950369857152548,67.42750549316406,0,0.9982968151197235,0.002133316484875509,0.9967346090310047
1794.344668917624,643.1155395507812,0.9972090513682282,67.41828155517578,0,1.0004591194550014,0.002133316484875509,0.996751423397946
1794.365502481286,641.6622924804688,0.9951282608390856,67.4112548828125,0,0.998330702209738,0.002133316484875509,0.9967922038623434
1794.386336045006,647.3590698242188,0.9985013001059262,67.42217254638672,0,1.0018440354751255,0.002133316484875509,0.9966634174074671
1794.4071696087271,641.736328125,0.9947354955124162,67.42496490478516,0,0.9979603781696293,0.002133316484875509,0.9967685263586037
1794.4280031724477,645.9444580078125,0.9987659979650352,67.40917205810547,0,1.001982981848957,0.002133316484875509,0.9967893827118846
1794.448836736168,645.412109375,0.9996290654245972,67.43375396728516,0,1.0029607632378532,0.002133316484875509,0.9966781374353068
1794.469670299831,643.301513671875,0.9959055108626336,67.41716003417969,0,0.9992959112544963,0.002133316484875509,0.996607210783434
1794.4905038635516,644.41015625,0.998149373339816,67.42001342773438,0,1.001602487044736,0.002133316484875509,0.9965524110117692
1794.511337427272,646.437255859375,1.0,67.41509246826172,0,1.0033697463092814,0.002133316484875509,0.9966415707453045
1794.532170990993,641.0508422851562,0.9967721540486963,67.4169692993164,0,1.0001717313057426,0.002133316484875509,0.9966010064565531
1794.5530045547134,643.698974609375,0.9958804807771297,67.42078399658203,0,0.9994114882030416,0.002133316484875509,0.9964669133108919
1794.573838118434,644.2518310546875,0.9977712873114122,67.42733001708984,0,1.0012968829023612,0.002133316484875509,0.996478970771656
1794.5946716822118,645.423828125,0.9989373505428658,67.42388916015625,0,1.0024098031296464,0.002133316484875509,0.9965358952237506
1794.6155052459326,644.5997314453125,0.9987457668808872,67.43661499023438,0,1.002123922270313,0.002133316484875509,0.9966290043433226
1794.636338809654,643.8516235351562,0.9965636327348728,67.41773223876953,0,0.9997598744430126,0.002133316484875509,0.9968029906081993
1794.657172373374,641.9288330078125,0.997050025637018,67.42771911621094,0,1.0002706163226331,0.002133316484875509,0.9967802806230025
1794.6780059371524,637.9093017578125,0.9976697554984088,67.45246124267578,0,1.0007281176592664,0.002133316484875509,0.9969438630664129
1794.698839500874,642.8408203125,0.9954541224409678,67.45040893554688,0,0.9985956667699701,0.002133316484875509,0.9968540376915875
1794.7196730646524,638.873291015625,0.9940580835366872,67.45559692382812,0,0.9970353444298242,0.002133316484875509,0.9970138863082737
1794.7405066283725,642.9640502929688,0.996927604053406,67.48197937011719,0,0.9999712640863552,0.002133316484875509,0.9969562525021856
1794.761340192152,642.9304809570312,0.9968991864375328,67.45233154296875,0,0.9997594483861197,0.002133316484875509,0.9971390498452362
1794.7821737558725,641.1409912109375,0.994634810582005,67.4475326538086,0,0.9974914999659109,0.002133316484875509,0.9971361265895463
1794.803007319651,641.2197265625,0.9960830739128074,67.4600601196289,0,0.9989524948922128,0.002133316484875509,0.9971275701356399
1794.82384088343,640.0586547851562,0.9966150102788022,67.44828796386719,0,0.9993931728149946,0.002133316484875509,0.9972201505756066
1794.844674447209,636.6035766601562,0.9975589079768906,67.46247100830078,0,1.0003017763763968,0.002133316484875509,0.9972579590836654
1794.865508010988,636.4806518554688,0.993853702537759,67.45069122314453,0,0.9967162682581512,0.002133316484875509,0.9971280034132534
1794.8863415747664,637.9382934570312,0.9929135687623027,67.44569396972656,0,0.9956790920138499,0.002133316484875509,0.9972224753198808
1794.907175138546,638.6099243164062,0.9975248444770692,67.46368408203125,0,1.0002862431483943,0.002133316484875509,0.9972393915339337
1794.9280087023244,637.403076171875,0.9953285015231184,67.45465087890625,0,0.9980903066527356,0.002133316484875509,0.9972329105781226
1794.9696758299406,646.5886840820312,0.999850478173436,67.48113250732422,0,1.0027631962637347,0.002133316484875509,0.9970953081433869
1794.9905093937195,637.365234375,0.996246804547308,67.48461151123047,0,0.9991324095462725,0.002133316484875509,0.9971118893037662
1795.011342957498,645.1103515625,0.9991432371108468,67.46173095703125,0,1.0019147604497884,0.002133316484875509,0.9972337733224956
1795.032176521335,644.3717041015625,0.9952897331200068,67.47167205810547,0,0.9979464751607091,0.002133316484875509,0.9973377910470855
1795.0530100851715,646.5932006835938,0.999434941114842,67.44512176513672,0,1.0018772882774587,0.002133316484875509,0.997562229235862
1795.073843648951,643.338623046875,0.9968979631626774,67.48306274414062,0,0.9992448796715699,0.002133316484875509,0.9976513099475036
1795.094677212788,644.7100219726562,0.999505232369998,67.4896011352539,0,1.0016904082165412,0.002133316484875509,0.9978185117591035
1795.1155107766244,644.2904052734375,0.9986882729626804,67.47804260253906,0,1.0008520429031438,0.002133316484875509,0.9978380721148483
1795.1363443404614,645.1035766601562,0.9991765478261416,67.48822021484375,0,1.001248284552536,0.002133316484875509,0.9979308461663732
1795.157177904299,645.1892700195312,0.9984247983784268,67.50958251953125,0,1.0004901869743625,0.002133316484875509,0.9979356233346158
1795.1780114681364,644.3297119140625,0.9998560299593184,67.51374816894531,0,1.0018703857153601,0.002133316484875509,0.9979894048324391
1795.1988450319736,641.740966796875,0.9960790276959778,67.51392364501953,0,0.9979930512940139,0.002133316484875509,0.9980821273298903
1795.219678595868,643.2778930664062,0.9996324529549664,67.56311798095703,0,1.0014559653000508,0.002133316484875509,0.998179138765689
1795.240512159706,640.8497924804688,0.9963179426850564,67.5870361328125,0,0.9980933058742444,0.002133316484875509,0.9982212452696164
1795.2613457236007,641.6226196289062,0.9976203540138612,67.59306335449219,0,0.9993794044199267,0.002133316484875509,0.9982398572571279
1795.2821792874374,641.5001831054688,0.9970459794201884,67.59698486328125,0,0.9987495682398143,0.002133316484875509,0.9982942782917761
1795.303012851333,640.8892211914062,0.9963160607237402,67.60603332519531,0,0.9979360404917073,0.002133316484875509,0.9983766697441162
1795.3238464152291,646.1159057617188,1.0034295922043892,67.64938354492188,0,1.0050655468557654,0.002133316484875509,0.9983722905869233
1795.344679979125,645.6800537109375,1.0003450576073063,67.62059020996094,0,1.0019796019793012,0.002133316484875509,0.9983686849824426
1795.36551354302,648.278564453125,1.0009978158897943,67.65750122070312,0,1.0026654400734278,0.002133316484875509,0.9983368089524345
1795.386347106916,649.1019897460938,1.0019926206414835,67.67161560058594,0,1.0035141134774883,0.002133316484875509,0.998483835139366
1795.4071806708112,645.0795288085938,0.9978152311081432,67.68032836914062,0,0.9994130526121391,0.002133316484875509,0.9984012401080617
1795.428014234764,645.256591796875,1.0009864300238325,67.69500732421875,0,1.0025739041362525,0.002133316484875509,0.9984166014037761
1795.4488477986602,644.061279296875,0.9972783075446606,67.67534637451172,0,0.9989743356269124,0.002133316484875509,0.9983022305761364
1795.469681362614,645.8023071289062,0.9974554001045052,67.6986312866211,0,0.9992152640727987,0.002133316484875509,0.9982387539186298
1795.4905149265087,644.970458984375,0.9962131174397496,67.72118377685547,0,0.9978809164012888,0.002133316484875509,0.9983286593278545
1795.511348490462,645.037353515625,0.9977673351926484,67.72494506835938,0,0.9994507420790893,0.002133316484875509,0.998315667980856
1795.532182054416,647.7134399414062,0.999327387025627,67.7322769165039,0,1.0009960159796394,0.002133316484875509,0.9983330313733771
1795.553015618369,646.9384765625,0.9979522378919548,67.736328125,0,0.9995660617875924,0.002133316484875509,0.9983854755004871
1795.5738491823224,645.4820556640625,0.9981226494891274,67.77000427246094,0,0.9996871440137444,0.002133316484875509,0.9984350158607267
1795.5946827463345,646.7664794921875,0.9979249494528716,67.76338958740234,0,0.9994251759604281,0.002133316484875509,0.9984989106301881
1795.615516310288,646.5747680664062,0.9978404493897788,67.80430603027344,0,0.9992505447832956,0.002133316484875509,0.9985888470105136
1795.6363498742994,645.9215698242188,1.0008712539912872,67.79945373535156,0,1.0022780613988822,0.002133316484875509,0.9985963901019328
1795.657183438311,645.463623046875,0.999728056589824,67.82128143310547,0,1.0010011464852646,0.002133316484875509,0.9987281833792991
1795.678017002265,646.008056640625,0.996052397943355,67.82609558105469,0,0.9973103800703562,0.002133316484875509,0.9987386252543441
1795.698850566277,649.496337890625,0.9984750467455666,67.83292388916016,0,0.9999103939961443,0.002133316484875509,0.9985645241221652
1795.7196841303466,647.8125,1.0015729432679938,67.83812713623047,0,1.0030129717631067,0.002133316484875509,0.998564297236773
1795.740517694358,643.0023193359375,0.995125155602914,67.86872863769531,0,0.9968238229479377,0.002133316484875509,0.9982959201958074
1795.76135125837,643.6990966796875,0.9964126994373218,67.86797332763672,0,0.997891566508805,0.002133316484875509,0.9985180082474722
1795.782184822441,647.0431518554688,0.9966148220826706,67.9087905883789,0,0.9981909445020832,0.002133316484875509,0.9984210211201637
1795.8030183864523,644.5689697265625,0.997439121139121,67.89974212646484,0,0.9990271793359387,0.002133316484875509,0.9984103954029827
1795.823851950522,648.7418823242188,1.0018902419458875,67.89620971679688,0,1.003336684290736,0.002133316484875509,0.998558367926245
1795.844685514592,645.224609375,0.9981409045138936,67.91909790039062,0,0.999552012764825,0.002133316484875509,0.9985882593072589
1795.865519078662,646.9302368164062,1.0003878722272477,67.94010162353516,0,1.0015153643467432,0.002133316484875509,0.9988742138566882
1795.8863526427904,648.2975463867188,0.9980054032991348,67.95054626464844,0,0.999282097419994,0.002133316484875509,0.998722388678677
1795.90718620686,648.379150390625,1.0020280956122918,67.97655487060547,0,1.0032161380330606,0.002133316484875509,0.9988157662384717
1795.928019770988,645.846923828125,0.9991285578125813,67.9723892211914,0,1.0003781243055312,0.002133316484875509,0.9987509058199195
1795.948853335117,645.8931274414062,0.9985468435697756,67.97090148925781,0,0.9998246687939456,0.002133316484875509,0.9987219506939038
1795.9696868992446,647.349365234375,0.9972426443777206,68.00931549072266,0,0.9984046813217113,0.002133316484875509,0.9988361062746096
1795.990520463372,646.3826293945312,0.9996259601884258,68.00871276855469,0,1.0010105686810824,0.002133316484875509,0.998616789336719
1796.011354027501,648.0555419921875,1.0030173485780982,68.03631591796875,0,1.0044085374278873,0.002133316484875509,0.9986149173389629
1796.032187591688,649.5773315429688,0.9990248617440644,68.048583984375,0,1.0000880390262625,0.002133316484875509,0.9989369163106547
1796.0530211558157,648.2731323242188,1.0014989821882712,68.04338836669922,0,1.0024503729445458,0.002133316484875509,0.9990509348073959
1796.0738547200017,647.2493896484375,0.99797971452717,68.05929565429688,0,0.9989493657392107,0.002133316484875509,0.9990293289677169
1796.094688284188,646.9285888671875,1.0032629445298489,68.09357452392578,0,1.0040832910827373,0.002133316484875509,0.999182989538643
1796.115521848375,652.3662109375,1.0037525367662314,68.09164428710938,0,1.0044786771941057,0.002133316484875509,0.9992770972203188
1796.1363554126197,647.1755981445312,0.9970667750927312,68.09636688232422,0,0.9976463312438435,0.002133316484875509,0.9994190765475078
1796.157188976805,648.3984985351562,1.0041940448909878,68.12356567382812,0,1.0046009616277332,0.002133316484875509,0.9995949468970385
1796.17802254105,646.8795166015625,0.9971128831449756,68.12060546875,0,0.99751206338851,0.002133316484875509,0.9995998241443033
1796.198856105295,649.1712036132812,0.9999593496355724,68.14743041992188,0,1.0003659339054543,0.002133316484875509,0.9995935644586631
1796.21968966954,646.5686645507812,0.9974384624526604,68.14373016357422,0,0.9977944609237036,0.002133316484875509,0.9996432146248702
1796.2405232337846,647.338623046875,0.9987828415188142,68.1435317993164,0,0.9990793980253055,0.002133316484875509,0.9997031702314376
1796.261356798087,646.2951049804688,0.9950459250315064,68.16654968261719,0,0.995369896687485,0.002133316484875509,0.9996745213442191
1796.28219036239,646.7334594726562,0.9966046594915636,68.19031524658203,0,0.9968544211233181,0.002133316484875509,0.9997494502442262
1796.303023926693,646.0620727539062,0.9965552580070162,68.18672180175781,0,0.9968569388905174,0.002133316484875509,0.9996973679253945
1796.3238574909956,647.4035034179688,0.9998453027798168,68.21678924560547,0,1.000146237362507,0.002133316484875509,0.9996991094187547
1796.344691055298,648.814453125,0.9996934285016078,68.23731994628906,0,0.9999582472597416,0.002133316484875509,0.9997351701844958
1796.365524619659,647.44140625,1.0007834604958912,68.2636489868164,0,1.0011609751277317,0.002133316484875509,0.9996229231450094
1796.386358184021,648.0094604492188,1.0001202573280985,68.264404296875,0,1.000569975369055,0.002133316484875509,0.9995505381412324
1796.407191748382,646.6680297851562,1.0009012712742789,68.27357482910156,0,1.0014725883514473,0.002133316484875509,0.9994295230006156
1796.4280253127426,646.5006713867188,1.0002557585428575,68.29701232910156,0,1.0007474551188997,0.002133316484875509,0.9995086706705802
1796.448858877103,647.576171875,0.9989516534488682,68.27847290039062,0,0.9996351001133577,0.002133316484875509,0.9993163038548647
1796.469692441523,648.1034545898438,1.0004496005584156,68.30306243896484,0,1.001295854082993,0.002133316484875509,0.9991548416772859
1796.4905260059425,646.2681274414062,1.0013996146307813,68.33216094970703,0,1.002041885699403,0.002133316484875509,0.9993590377031262
1796.511359570362,647.2720947265625,1.0020802259407475,68.34456634521484,0,1.0027496932994129,0.002133316484875509,0.9993323684234073
1796.5321931348394,645.3846435546875,0.9979267373161218,68.37130737304688,0,0.9983852324960658,0.002133316484875509,0.9995407632594908
1796.553026699258,649.5739135742188,1.0016492567993616,68.3691635131836,0,1.0021646674919409,0.002133316484875509,0.9994857025903047
1796.5738602637362,646.2235107421875,0.9994274132695776,68.40994262695312,0,0.9997103581916995,0.002133316484875509,0.9997169731014555
1796.594693828272,645.7219848632812,1.001152419011912,68.4316177368164,0,1.0012877288378443,0.002133316484875509,0.9998648641923443
1796.6155273927495,648.0145874023438,1.0008788759346172,68.4327163696289,0,1.0007268093597996,0.002133316484875509,1.0001519561316787
1796.6363609572843,649.135986328125,0.9967258578003204,68.4598159790039,0,0.9965008802222305,0.002133316484875509,1.0002257675658448
1796.65719452182,649.1655883789062,0.997311335965758,68.46488189697266,0,0.997140938706636,0.002133316484875509,1.0001708858321905
1796.678028086356,647.7865600585938,1.0003584195326507,68.46908569335938,0,1.0001706347724606,0.002133316484875509,1.000187752723047
1796.698861650892,647.8077392578125,0.999699168483622,68.48725128173828,0,0.9994785775556092,0.002133316484875509,1.0002207060090795
1796.719695215486,647.1177368164062,0.9970179381965786,68.50654602050781,0,0.9968440673820809,0.002133316484875509,1.0001744212762929
1796.74052878008,649.046142578125,0.9986312495348026,68.52235412597656,0,0.9984764345789685,0.002133316484875509,1.0001550511864603
1796.7613623447323,648.1155395507812,1.0001071776969517,68.53508758544922,0,0.9999442012974252,0.002133316484875509,1.0001629854939056
1796.782195925857,648.60302734375,0.9948134087109026,68.55022430419922,0,0.9947496860872291,0.002133316484875509,1.0000640589532872
1796.803029490509,647.2916870117188,0.9977648886429374,68.5652084350586,0,0.9976604859603315,0.002133316484875509,1.0001046475069175
1796.823863055161,647.9602661132812,1.0000788541791443,68.59020233154297,0,1.000053132828025,0.002133316484875509,1.0000257199845437
1796.844696619872,648.43994140625,0.9993155306693356,68.60675811767578,0,0.999274299774446,0.002133316484875509,1.000041260837889
1796.865530184523,647.9773559570312,1.000195253486545,68.60780334472656,0,1.0002487115354646,0.002133316484875509,0.9999465552434079
1796.886363749234,651.8673095703125,1.004051674517425,68.61743927001953,0,1.0041042088009218,0.002133316484875509,0.9999476804468738
1796.907197314004,649.7626953125,1.0005298662085471,68.6210708618164,0,1.0005848618521211,0.002133316484875509,0.999945036502479
1796.9280308787725,649.3737182617188,1.0020881301782754,68.65093994140625,0,1.0021628816266597,0.002133316484875509,0.9999254098812131
1796.948864443541,647.7135009765625,1.000427675709083,68.67236328125,0,1.0005136445145113,0.002133316484875509,0.9999140753293075
1796.96969800831,648.3939819335938,1.0025932485955158,68.66775512695312,0,1.0028244188955049,0.002133316484875509,0.9997694807828436
1796.9905315731366,646.6593017578125,0.9992038362652252,68.67686462402344,0,0.9994253487490914,0.002133316484875509,0.9997783601505171
1797.011365137963,647.30810546875,1.0006791998389797,68.70797729492188,0,1.0007252695744613,0.002133316484875509,0.99995396365328
1797.03219870279,648.0787353515625,1.0003468454705566,68.70796203613281,0,1.0003182874096102,0.002133316484875509,1.0000285489741674
1797.053032267675,646.8145751953125,0.999910795033617,68.71351623535156,0,0.9997687956742171,0.002133316484875509,1.0001420321978585
1797.07386583256,649.2511596679688,0.9998154736929566,68.74348449707031,0,0.9994975189333178,0.002133316484875509,1.0003181146062055
1797.0946993974449,648.5059814453125,1.0010572858673832,68.73518371582031,0,1.0007620593485258,0.002133316484875509,1.0002950017100465
1797.1155329623884,645.7332153320312,0.998866400601249,68.76116180419922,0,0.9986545494083261,0.002133316484875509,1.0002121366122534
1797.1363665273311,645.1515502929688,0.996130028847644,68.76834869384766,0,0.9958180552779751,0.002133316484875509,1.0003132837048048
1797.157200092274,645.9466552734375,0.9994228965624188,68.78057098388672,0,0.9990313516371617,0.002133316484875509,1.0003919245623427
1797.178033657276,648.791259765625,1.002316317987852,68.81110382080078,0,1.0019409783803048,0.002133316484875509,1.0003746124927977
1797.198867222278,651.3073120117188,1.005668373386018,68.79568481445312,0,1.0053179559024519,0.002133316484875509,1.0003485638364549
1797.219700787337,648.6507568359375,0.9974940744095512,68.81437683105469,0,0.9972206546870496,0.002133316484875509,1.0002741817683143
1797.240534352397,647.1139526367188,1.0027081423338635,68.85458374023438,0,1.0024432893980946,0.002133316484875509,1.000264207400628
1797.2613679174565,646.3699340820312,0.9991270522435284,68.87650299072266,0,0.9987761704151192,0.002133316484875509,1.0003513117741518
1797.282201482516,648.8746948242188,1.0008031269916444,68.88087463378906,0,1.0006215625069221,0.002133316484875509,1.000181451701148
1797.303035047692,645.6153564453125,0.9988885136467132,68.9052734375,0,0.9987905733327613,0.002133316484875509,1.0000980589090114
1797.32386861281,646.938720703125,0.9984778696875408,68.90272521972656,0,0.9983891607183482,0.002133316484875509,1.0000888520956386
1797.344702177986,649.4650268554688,1.0017314044108092,68.92652130126953,0,1.0015575178818867,0.002133316484875509,1.000173616118713
1797.365535743162,649.561279296875,1.0028222832876847,68.90018463134766,0,1.0027965934415757,0.002133316484875509,1.0000256182024123
1797.386369308397,644.4295043945312,1.001947547667963,68.95475769042969,0,1.0017854216046014,0.002133316484875509,1.0001618371158785
1797.4072028736305,649.4561157226562,1.0017327217837304,68.94583129882812,0,1.0016289401067149,0.002133316484875509,1.0001036128978107
1797.4280364388644,643.0380859375,0.9974742197176664,68.9770278930664,0,0.9972866987571916,0.002133316484875509,1.000188031145616
1797.448870004157,646.9362182617188,0.998366457577628,69.00228118896484,0,0.9980801598257081,0.002133316484875509,1.000286848455108
1797.469703569508,647.9066772460938,1.001449957095987,69.02468872070312,0,1.0010396156439703,0.002133316484875509,1.0004099152976604
1797.490537134859,648.5429077148438,1.0000574939182068,69.01298522949219,0,0.9994998800940528,0.002133316484875509,1.0005578928374674
1797.51137070021,645.2870483398438,0.9997052848578992,69.02458190917969,0,0.9991863358377251,0.002133316484875509,1.0005193716142435
1797.532204265619,648.2265014648438,0.9986008558595476,69.06453704833984,0,0.9980811954899352,0.002133316484875509,1.0005206594132428
1797.553037831028,647.20654296875,0.9979898771182768,69.09951782226562,0,0.9975368405137828,0.002133316484875509,1.0004541552613342
1797.5738713964363,650.3394775390625,1.0024409038269777,69.1242904663086,0,1.001930927919327,0.002133316484875509,1.0005089930787043
1797.594704961961,649.2933959960938,1.0032184361447232,69.14851379394531,0,1.0026944628170789,0.002133316484875509,1.0005225652948877
1797.6155385274285,647.281494140625,0.9970048585654318,69.1771469116211,0,0.9963935411034348,0.002133316484875509,1.0006135301332042
1797.636372092954,649.6273193359375,0.9986289911812234,69.24523162841797,0,0.9980494004512196,0.002133316484875509,1.0005807234889794
1797.657205658538,648.9369506835938,1.0048563070781225,69.3408432006836,0,1.0041198391071615,0.002133316484875509,1.0007334462902513
1797.678039224121,644.1351318359375,1.000770569060876,69.43427276611328,0,0.9998087153177316,0.002133316484875509,1.0009620377662327
1797.698872789705,644.37939453125,0.9962742811825228,69.6081771850586,0,0.9954083953531505,0.002133316484875509,1.0008698799743045
1797.719706355347,645.309326171875,1.002662881164211,69.75785064697266,0,1.0018663663707992,0.002133316484875509,1.0007950309743376
1797.7405399210463,644.0831298828125,0.9985360222922082,70.0606689453125,0,0.9978361434472321,0.002133316484875509,1.0007013965665326
1797.761373486746,646.1620483398438,1.0021518345688252,70.44575500488281,0,1.0015105744768154,0.002133316484875509,1.0006402928819247
1797.782207052504,649.5921630859375,1.0033874362709088,70.9168472290039,0,1.002611027898988,0.002133316484875509,1.0007743864273544
1797.8030406182625,649.3272094726562,1.0015889399391806,71.47816467285156,0,1.000663409946899,0.002133316484875509,1.000924916393546
1797.823874184079,647.6399536132812,1.0010758231863468,72.05047607421875,0,1.00022060499865,0.002133316484875509,1.0008550295639012
1797.8447077498954,644.51416015625,0.9983472615722035,72.65880584716797,0,0.9974726948847844,0.002133316484875509,1.00087678258453
1797.86554131577,648.0571899414062,1.002353110331582,73.24449920654297,0,1.001404477968981,0.002133316484875509,1.0009473018979553
1797.886374881645,646.2342529296875,1.0015542177528989,73.86453247070312,0,1.0004306735967445,0.002133316484875509,1.0011230604836565
1797.907208447578,647.7568969726562,0.999298875311688,74.56822204589844,0,0.9979859351269829,0.002133316484875509,1.0013155898680457
1797.928042013511,648.073974609375,1.0032415842689113,75.17747497558594,0,1.002037081708074,0.002133316484875509,1.0012020538788686
1797.9488755795014,646.63427734375,1.001178860568403,75.8407211303711,0,1.0000967274148282,0.002133316484875509,1.001082028491756
1797.96970914555,648.2483520507812,1.000060316860181,76.65471649169922,0,0.9987757669893184,0.002133316484875509,1.0012861243867928
1797.9905427115996,647.047119140625,1.001645681072861,77.59566497802734,0,1.0001049172240648,0.002133316484875509,1.0015406022130886
1798.0113762777069,647.3570556640625,1.0032756477687326,78.54972076416016,0,1.001789635255529,0.002133316484875509,1.00148335784371
1798.032209843873,647.5868530273438,1.0040140352911031,79.34184265136719,0,1.0025827653236776,0.002133316484875509,1.0014275828559285
1803.469773265243,670.7142333984375,1.0015906337043652,68.89694213867188,0,1.0002214833051817,0.002133316484875509,1.0013688472223765
1803.490606794564,669.5249633789062,1.0017395909425342,68.91435241699219,0,1.0002335224986918,0.002133316484875509,1.0015057168250872
1803.511440323477,665.3638916015625,1.001533798472619,68.87055206298828,0,1.0000134030828376,0.002133316484875509,1.0015203750120691
1803.5322738518664,665.6207885742188,1.0014659537671735,68.8594741821289,0,0.9999943309395911,0.002133316484875509,1.0014716311703484
1803.553107379907,664.6813354492188,1.0003093944403665,68.8569564819336,0,0.9989551139018782,0.002133316484875509,1.0013556970875284
1803.5739409074808,667.6758422851562,1.0037732383407083,68.82591247558594,0,1.0023151256310223,0.002133316484875509,1.0014547447927298
1803.5947744347056,661.8936157226562,1.0007925880082742,68.78367614746094,0,0.999420684890919,0.002133316484875509,1.001372698342245
1803.6156079615823,667.0900268554688,1.0050900466735817,68.78103637695312,0,1.0037020869960087,0.002133316484875509,1.0013828402825453
1803.6364414881093,666.9655151367188,1.0035437331582109,68.77203369140625,0,1.0021521729043719,0.002133316484875509,1.0013885718072197
1803.657275014345,666.724609375,1.002404111483248,68.76995086669922,0,1.001112810205489,0.002133316484875509,1.00128986590182
1803.6781085401733,659.70751953125,0.9988165286263724,68.75579833984375,0,0.9975003143628348,0.002133316484875509,1.0013195126303076
1803.698942065769,661.0025634765625,1.0026077396976498,68.72459411621094,0,1.0013681950818907,0.002133316484875509,1.0012378509941169
1803.719775591073,664.8671264648438,0.9998059697883104,68.75806427001953,0,0.9986676403794964,0.002133316484875509,1.0011398480963911
1803.7406091160865,664.387451171875,1.0025732057074994,68.730712890625,0,1.001368865891687,0.002133316484875509,1.0012026934897162
1803.7614426408093,663.87158203125,0.9997002976604116,68.72569274902344,0,0.9984181466438802,0.002133316484875509,1.0012841824047782
1803.782276165357,662.578857421875,0.9983537543387442,68.69305419921875,0,0.9970574158409773,0.002133316484875509,1.0013001643407602
1803.803109689613,664.7593994140625,1.0001671181648697,68.69409942626953,0,0.9989148072167636,0.002133316484875509,1.0012536714232871
1803.823943213637,661.5023193359375,1.0030484950378795,68.6926498413086,0,1.0018020066321403,0.002133316484875509,1.0012442462657165
1803.8447767374284,662.7491455078125,1.001690001261855,68.66223907470703,0,1.0005022142905435,0.002133316484875509,1.0011871907471528
1803.865610260986,661.8314208984375,1.0009332646166524,68.67513275146484,0,0.9998150211689399,0.002133316484875509,1.0011184503373485
1803.886443784428,664.171630859375,0.9995749590367596,68.66983795166016,0,0.9983849413137748,0.002133316484875509,1.001191942780526
1803.907277307579,664.8462524414062,1.0028809063826811,68.61909484863281,0,1.001587268294067,0.002133316484875509,1.0012915879919455
1803.9281108306127,659.789306640625,0.9966915120063016,68.64733123779297,0,0.9955669690090624,0.002133316484875509,1.0011295503288529
1803.9489443534148,662.322265625,1.0013093745856745,68.63723754882812,0,1.0002378504931917,0.002133316484875509,1.0010712692905537
1803.969777876042,663.5661010742188,1.001195798220248,68.61012268066406,0,1.000167935385689,0.002133316484875509,1.0010276902490007
1803.990611398552,658.7467041015625,0.9998234720285502,68.60906982421875,0,0.998797638108504,0.002133316484875509,1.0010270688284655
1804.01144492083,663.2522583007812,1.001645492876729,68.60294342041016,0,1.0006282433638878,0.002133316484875509,1.0010166108338314
1804.032278442992,659.2564086914062,0.99990063244251,68.60734558105469,0,0.9987148496257093,0.002133316484875509,1.0011873086870042
1804.053111965036,661.0674438476562,0.999077086170586,68.62564849853516,0,0.9978726018685555,0.002133316484875509,1.0012070521825882
1804.0739454869065,660.2465209960938,1.0023088842406536,68.64376831054688,0,1.000954303510939,0.002133316484875509,1.0013532892810024
1804.094779008602,663.5997314453125,1.003426298772086,68.61275482177734,0,1.0021945723709063,0.002133316484875509,1.0012290292076376
1804.115612530181,663.4193115234375,1.001499076286337,68.60231018066406,0,1.0002734419629442,0.002133316484875509,1.0012252992751538
1804.136446051644,659.8158569335938,1.000240232362,68.61494445800781,0,0.9988227708178254,0.002133316484875509,1.0014191321879997
1804.1572795729903,661.841796875,1.001382865175068,68.60244750976562,0,1.0000071192800526,0.002133316484875509,1.001375736100765
1804.17811309422,663.4600219726562,1.000584443086714,68.59465789794922,0,0.999290792664737,0.002133316484875509,1.0012945685394812
1804.198946615276,660.1513671875,1.0000010350787238,68.56793212890625,0,0.9987089029177527,0.002133316484875509,1.0012938025857145
1804.219780136273,665.9151000976562,1.004693987914609,68.56009674072266,0,1.0033439344814281,0.002133316484875509,1.0013455539888012
1804.240613657153,664.8497924804688,1.002538671717349,68.56002044677734,0,1.0011126224923947,0.002133316484875509,1.0014244643338968
1804.2614471779173,660.8095703125,0.9994357879974342,68.51509094238281,0,0.99817297440323,0.002133316484875509,1.0012651250099804
1804.282280698566,660.5771484375,0.9993195768861652,68.48927307128906,0,0.997879639746817,0.002133316484875509,1.0014429968124348
1804.303114219097,662.0232543945312,1.001854955171211,68.46736907958984,0,1.0004782855741632,0.002133316484875509,1.0013760114706116
1804.32394773957,662.465576171875,1.0034964959291766,68.4673080444336,0,1.0021777034503907,0.002133316484875509,1.0013159267804954
1804.344781259927,663.580322265625,1.0021130661657136,68.44718170166016,0,1.0007458863574485,0.002133316484875509,1.0013661608075566
1804.3656147802249,662.4833984375,1.0042167225248468,68.4345703125,0,1.0028492411250776,0.002133316484875509,1.0013635961854397
1804.386448300408,663.7239379882812,1.0034551868782882,68.43167877197266,0,1.0020823536330472,0.002133316484875509,1.0013699804614498
1804.407281820474,664.0896606445312,1.0053413826073463,68.380615234375,0,1.0040066328647936,0.002133316484875509,1.0013294232317411
1804.428115340539,660.1502075195312,0.9995802285284444,68.39117431640625,0,0.9981405738880359,0.002133316484875509,1.001442336558668
1804.4489488604304,663.2490234375,0.9995888855504986,68.38765716552734,0,0.9983510846950472,0.002133316484875509,1.0012398452552687
1804.469782380322,662.777099609375,1.0048470854676734,68.38045501708984,0,1.0036960582084198,0.002133316484875509,1.0011467886616077
1804.490615900097,657.838623046875,0.9980482179190758,68.36282348632812,0,0.9968082998376387,0.002133316484875509,1.0012438881996057
1804.511449419755,662.4918823242188,1.0012212987960811,68.34562683105469,0,1.0000383700238047,0.002133316484875509,1.0011828833850127
1804.532282939413,661.9292602539062,1.0016732518061418,68.38130950927734,0,1.0005174361136766,0.002133316484875509,1.0011552179409833
1804.553116458955,662.7212524414062,1.0020301657697397,68.32069396972656,0,1.0006867126341228,0.002133316484875509,1.0013425312024784
1804.573949978439,659.7786865234375,1.0014747048872936,68.32845306396484,0,1.0003512976350546,0.002133316484875509,1.001123012740519
1804.594783497864,661.1739501953125,0.9988323371014276,68.29405975341797,0,0.9978810985567543,0.002133316484875509,1.000953258405284
1804.615617017232,664.5675048828125,1.006252345982403,68.28471374511719,0,1.0052962836927173,0.002133316484875509,1.0009510253894245
1804.636450536541,658.234619140625,0.9990711579924404,68.27278900146484,0,0.998057018960931,0.002133316484875509,1.0010161133204245
1804.657284055733,658.12451171875,0.9979907240008692,68.23589324951172,0,0.99710993305756,0.002133316484875509,1.0008833438662157
1804.6781175749263,663.4461669921875,1.0011087575093784,68.24771881103516,0,1.0003168912200697,0.002133316484875509,1.0007916154333283
1804.698951094004,661.3193969726562,1.001583388153298,68.26083374023438,0,1.0007443015494766,0.002133316484875509,1.0008384625348576
1804.7197846130805,659.0921630859375,1.0000769722178284,68.27853393554688,0,0.9992451177414422,0.002133316484875509,1.0008324829029602
1804.740618132041,661.440673828125,1.000133995645706,68.2785415649414,0,0.9996625580446944,0.002133316484875509,1.0004715967375368
1804.761451651,660.4138793945312,1.0033780264643282,68.28724670410156,0,1.0029191953423426,0.002133316484875509,1.0004574956029522
1804.782285169902,659.3905639648438,0.9976715433616592,68.28483581542969,0,0.9968611636991259,0.002133316484875509,1.0008129313208733
1804.803118688687,660.8120727539062,1.0001357835089564,68.30867767333984,0,0.9990575577716365,0.002133316484875509,1.001079242861367
1804.823952207472,662.2711791992188,1.0016888720850654,68.26151275634766,0,1.000885588676558,0.002133316484875509,1.0008025726592482
1804.8447857262,660.1983642578125,1.000713639731064,68.25096893310547,0,0.9998726612799432,0.002133316484875509,1.0008410855538787
1804.8656192448684,660.3094482421875,0.9999549270264796,68.25833129882812,0,0.9992763156227722,0.002133316484875509,1.0006791028598376
1804.8864527634792,663.1170043945312,1.0035286774676817,68.2698745727539,0,1.0028551840939535,0.002133316484875509,1.0006715759008982
1804.90728628209,658.585693359375,0.9995500230493212,68.27230834960938,0,0.9991560945585501,0.002133316484875509,1.0003942612099515
1804.928119800642,659.7431640625,0.9991673262156928,68.27464294433594,0,0.9987698134920204,0.002133316484875509,1.0003980023407821
1804.948953319078,658.4427490234375,0.999377070804372,68.2747802734375,0,0.9985936412828927,0.002133316484875509,1.0007845328561003
1804.969786837514,659.8306274414062,1.0009847362586477,68.29915618896484,0,1.0002010426397132,0.002133316484875509,1.0007835360947697
1804.9906203559497,661.6603393554688,1.0002057924699153,68.29876708984375,0,0.9992234794108651,0.002133316484875509,1.000983076438145
1805.0114538742696,659.6671142578125,1.0011526072080437,68.27523040771484,0,1.0001417088717146,0.002133316484875509,1.0010107551033638
1805.032287392589,665.4717407226562,1.0038886025693854,68.32037353515625,0,1.0027335255829075,0.002133316484875509,1.001151928161379
1805.053120910851,662.6658325195312,1.0046799673028042,68.27222442626953,0,1.003462294873946,0.002133316484875509,1.0012134710343163
1805.073954429054,657.6367797851562,0.999829400206696,68.29907989501953,0,0.998647523209953,0.002133316484875509,1.0011834776227593
1805.094787947257,660.5927734375,1.0057204096164083,68.30210876464844,0,1.0045143935039897,0.002133316484875509,1.0012005961489627
1805.115621465402,661.6040649414062,1.0049748706410364,68.27435302734375,0,1.0037526504411176,0.002133316484875509,1.001217650782174
1805.1364549834889,663.5169677734375,1.0031652707375434,68.27838134765625,0,1.001766253000145,0.002133316484875509,1.0013965510748726
1805.157288501576,658.3174438476562,0.9985489137272234,68.27980041503906,0,0.9971683007085622,0.002133316484875509,1.0013845336014795
1805.1781220196049,660.7228393554688,0.9994276955637748,68.26068878173828,0,0.9980560359155634,0.002133316484875509,1.0013743312988965
1805.1989555375749,660.1946411132812,1.0002099327848106,68.28956604003906,0,0.9987099802949724,0.002133316484875509,1.0015018899574781
1805.2197890555449,661.347412109375,1.001527588000276,68.26530456542969,0,0.9998606431507755,0.002133316484875509,1.0016671771820598
1805.2406225734576,658.4840087890625,0.9994235552488796,68.30810546875,0,0.9978634677800695,0.002133316484875509,1.0015634277826413
1805.26145609137,662.55126953125,1.004353070622198,68.29861450195312,0,1.0026663422819466,0.002133316484875509,1.0016822429048655
1805.282289609224,658.6017456054688,1.0027193400036942,68.29146575927734,0,1.0009257325912158,0.002133316484875509,1.0017919485473064
1805.303123127019,660.0728149414062,1.0012595967088638,68.30238342285156,0,0.9993466095277532,0.002133316484875509,1.001914237925933
1805.323956644815,661.2230224609375,1.001517425409169,68.31565856933594,0,0.9994481124055078,0.002133316484875509,1.0020704556624562
1805.344790162553,659.0936279296875,0.999346677129117,68.30449676513672,0,0.9970998976632446,0.002133316484875509,1.0022533143079624
1805.365623680232,659.8544311523438,1.0039042228483088,68.29722595214844,0,1.0016402840147656,0.002133316484875509,1.0022602314120883
1805.386457197912,661.51318359375,1.0030766303595553,68.33155059814453,0,1.0009700220254665,0.002133316484875509,1.0021045668578825
1805.407290715592,660.3341674804688,0.99882734990394,68.31397247314453,0,0.9968495519463507,0.002133316484875509,1.0019840485996383
1805.4281242332124,657.460693359375,1.0005252554033226,68.32855224609375,0,0.9983681876740282,0.002133316484875509,1.002160593412256
1805.448957750775,662.1211547851562,1.0054198603942277,68.3234634399414,0,1.0034246252406003,0.002133316484875509,1.0019884255413296
1805.469791268338,660.9511108398438,1.0021396018202706,68.34164428710938,0,1.000336589261795,0.002133316484875509,1.0018024058880084
1805.490624785843,661.2708740234375,0.9998116156722588,68.32381439208984,0,0.998024140848631,0.002133316484875509,1.0017910136142678
1805.511458303348,660.44580078125,1.0014568262547907,68.35236358642578,0,0.9996654067032019,0.002133316484875509,1.0017920191491838
1805.532291820794,661.7600708007812,1.0034043739227536,68.35877990722656,0,1.0014938055811191,0.002133316484875509,1.001907718580971
1805.55312533824,662.6299438476562,1.0040023671309437,68.33818054199219,0,1.0019235711583276,0.002133316484875509,1.0020748049376789
1805.573958855629,657.0259399414062,1.0011802720393903,68.37803649902344,0,0.999064067158193,0.002133316484875509,1.0021181873623148
1805.594792373017,660.6182250976562,1.0029160049612265,68.37713623046875,0,1.0006145585485273,0.002133316484875509,1.0023000329078138
1805.615625890348,659.8997192382812,1.0021440244293631,68.36031341552734,0,0.9998640581162843,0.002133316484875509,1.0022802762981342
1805.63645940762,660.4059448242188,1.0026689034404228,68.35913848876953,0,1.0004216566513244,0.002133316484875509,1.002246299621922
1805.65729292495,661.3525390625,1.005865697030011,68.3627700805664,0,1.003586981106109,0.002133316484875509,1.002270571427093
1805.678126442164,660.9578247070312,1.00534241768607,68.3948745727539,0,1.003125942757706,0.002133316484875509,1.0022095679454472
1805.698959959435,657.9442749023438,1.0013223601187555,68.37422943115234,0,0.998899294267092,0.002133316484875509,1.0024257358730455
1805.7197934765904,659.2681274414062,0.999816791065878,68.39490509033203,0,0.9975760042002848,0.002133316484875509,1.0022462317218521
1805.7406269938044,659.2068481445312,1.001670805256431,68.4097900390625,0,0.9995684881400236,0.002133316484875509,1.002103224682802
1805.76146051096,661.1348266601562,1.004410658638471,68.40554809570312,0,1.0021359524412963,0.002133316484875509,1.002269857888676
1805.782294028058,659.344970703125,1.000956600936972,68.42813110351562,0,0.9986041142729866,0.002133316484875509,1.002355775056763
1805.803127545155,659.9098510742188,0.9992008251271194,68.43486785888672,0,0.9970165382694899,0.002133316484875509,1.0021908230944903
1805.823961062194,660.4752197265625,1.003085475577741,68.45938873291016,0,1.0008028494936156,0.002133316484875509,1.0022807949490555
1805.844794579292,657.8594360351562,0.9986982473576558,68.46953582763672,0,0.9963986841212682,0.002133316484875509,1.0023078746219096
1805.865628096273,661.5182495117188,1.0026901696032948,68.43251037597656,0,1.0003605427649724,0.002133316484875509,1.0023287872109423
1805.886461613253,659.7999267578125,1.0042790154444097,68.45693969726562,0,1.0019461504467517,0.002133316484875509,1.0023283337099682
1805.9072951302344,659.621337890625,1.002285453822268,68.45659637451172,0,1.0001168290953206,0.002133316484875509,1.0021683713980787
1805.9281286471569,660.6533813476562,1.0034421072471411,68.47055053710938,0,1.0011481595580294,0.002133316484875509,1.002291316891722
1805.94896216408,658.9968872070312,1.006049094160265,68.4485092163086,0,1.0036923048426447,0.002133316484875509,1.0023481193451909
1805.9697956810016,658.670166015625,1.0021449654100214,68.46556854248047,0,0.9998210103357683,0.002133316484875509,1.0023243711126582
1805.990629197867,659.9320678710938,1.0017183247796624,68.46430206298828,0,0.9995072195043051,0.002133316484875509,1.0022121954021042
1806.0114627146727,657.1251831054688,0.9987678799263512,68.46990203857422,0,0.9967690407217462,0.002133316484875509,1.0020053183063928
1806.03229623148,660.31787109375,1.0049333733940164,68.48257446289062,0,1.0030226141392178,0.002133316484875509,1.001905001171323
1806.053129748286,657.25439453125,1.0002325163206038,68.47528076171875,0,0.9982937028266959,0.002133316484875509,1.0019421273402989
1806.0739632650923,656.035888671875,0.9990267437053804,68.49887084960938,0,0.9971087780105141,0.002133316484875509,1.0019235270385374
1806.094796781782,661.4719848632812,1.0035655639094774,68.50309753417969,0,1.0015912117716221,0.002133316484875509,1.001971215516521
1806.11563029853,658.5317993164062,1.0021990717978593,68.49596405029297,0,1.000377211666022,0.002133316484875509,1.001821173164074
1806.13646381522,659.0515747070312,1.0012412475860315,68.4817123413086,0,0.9994113556646027,0.002133316484875509,1.0018309697113776
1806.15729733191,658.5531005859375,1.0038708180349485,68.43978118896484,0,1.0018760795624333,0.002133316484875509,1.0019910031921178
1806.1781308485413,657.83642578125,1.0008436832580063,68.44905090332031,0,0.9989125967719644,0.002133316484875509,1.0019331886416112
1806.1989643651727,660.0072021484375,1.0018434752071828,68.46024322509766,0,0.9998913032022372,0.002133316484875509,1.0019523842228586
1806.2197978818049,658.6770629882812,1.0035602944177922,68.47784423828125,0,1.0015488901355656,0.002133316484875509,1.0020082936559935
1806.2406313983795,656.2821655273438,1.0005596952954072,68.40947723388672,0,0.9987375072193225,0.002133316484875509,1.001824491483411
1806.261464914896,660.2675170898438,1.0036538278952023,68.4587631225586,0,1.0017634001382958,0.002133316484875509,1.0018871000444272
1806.282298431469,659.1682739257812,1.0043152431997444,68.43506622314453,0,1.002500674405714,0.002133316484875509,1.0018100424671594
1806.3031319479844,658.9517211914062,1.001692447811566,68.4472427368164,0,0.9999479893111695,0.002133316484875509,1.001744549235604
1806.3239654644408,657.9031372070312,1.0001211042106908,68.4260482788086,0,0.9983429844833659,0.002133316484875509,1.001781070989591
1806.344798980957,658.6570434570312,0.9988058014468708,68.4592056274414,0,0.9969575750407912,0.002133316484875509,1.0018538666562657
1806.365632497356,659.5421142578125,1.0020090878029992,68.46434783935547,0,0.9999628611428024,0.002133316484875509,1.002046302657539
1806.3864660138129,658.4358520507812,1.002149952607509,68.43946838378906,0,1.0001815889967085,0.002133316484875509,1.0019680062425214
1806.407299530212,657.14501953125,0.9985282121527465,68.42210388183594,0,0.9964438641809495,0.002133316484875509,1.002091786649226
1806.4281330466104,657.9892578125,1.0024435385728203,68.44701385498047,0,1.0002740085543216,0.002133316484875509,1.00216893571156
1806.448966562952,658.5797729492188,1.000766711040178,68.44529724121094,0,0.9987316275036919,0.002133316484875509,1.002037668058608
1806.469800079292,659.6106567382812,1.0011756612341658,68.46127319335938,0,0.9992793692902333,0.002133316484875509,1.0018976594556128
1806.490633595575,660.6605834960938,1.0032114728878536,68.45053100585938,0,1.0012168132250874,0.002133316484875509,1.0019922354842814
1806.511467111916,656.02685546875,1.0019241172495774,68.43540954589844,0,0.9999879187795263,0.002133316484875509,1.0019362218619743
1806.53230062814,656.0274658203125,1.0000599404679178,68.4304428100586,0,0.9980281022427213,0.002133316484875509,1.0020358527186064
1806.553134144421,658.8988647460938,1.0044449103344235,68.43468475341797,0,1.0022885512419395,0.002133316484875509,1.0021514354222765
1806.5739676606456,655.4418334960938,0.99891796634131,68.42068481445312,0,0.996745807512777,0.002133316484875509,1.002179250529233
1806.59480117687,656.9647216796875,1.0040148821736954,68.45095825195312,0,1.0017718450987545,0.002133316484875509,1.0022390697901076
1806.615634693036,657.0909423828125,1.00154499614245,68.43379211425781,0,0.9993302397902977,0.002133316484875509,1.0022162407019897
1806.636468209202,656.3832397460938,1.0021539988243389,68.42728424072266,0,1.000076321683259,0.002133316484875509,1.0020775185813646
1806.6573017253688,656.6629638671875,1.0029989053572006,68.44153594970703,0,1.0008779790490543,0.002133316484875509,1.0021190658127592
1806.678135241476,657.2254028320312,1.004329452007681,68.42680358886719,0,1.0020822705731887,0.002133316484875509,1.0022425119179157
1806.698968757584,658.4186401367188,1.004785545332637,68.4469985961914,0,1.0023594198047083,0.002133316484875509,1.002420414753424
1806.719802273692,657.8870239257812,1.0019232703669854,68.4419937133789,0,0.9994050204132299,0.002133316484875509,1.0025197491530653
1806.7406357897407,658.346923828125,1.0036127070404457,68.43238067626953,0,1.0010251800589698,0.002133316484875509,1.002584877017103
1806.761469305792,652.8388061523438,0.9957700096478748,68.47789764404297,0,0.9932011136254033,0.002133316484875509,1.002586481214358
1806.7823028218409,655.4808959960938,0.999489800287206,68.4578628540039,0,0.9968203154807408,0.002133316484875509,1.002678000001613
1806.8031363378325,654.1544189453125,1.0002780597844534,68.48776245117188,0,0.9976181437866076,0.002133316484875509,1.0026662666616604
1806.823969853824,658.3795776367188,1.003629738790356,68.47489929199219,0,1.0009756149818534,0.002133316484875509,1.0026515369293496
1806.8448033697568,656.5511474609375,1.0023244104215114,68.47600555419922,0,0.9996757245520237,0.002133316484875509,1.0026495450518964
1806.8656368856905,657.7654418945312,1.0027398533820395,68.47310638427734,0,0.9999312960903657,0.002133316484875509,1.0028087502637981
1806.8864704016248,656.9955444335938,1.0043152431997444,68.48527526855469,0,1.0014919658097088,0.002133316484875509,1.0028190714318441
1806.907303917558,658.0425415039062,1.0062001215558811,68.46882629394531,0,1.0033618975783214,0.002133316484875509,1.002828714130375
1806.928137433433,656.3429565429688,1.0018276667321275,68.49944305419922,0,0.99900916028293,0.002133316484875509,1.002821301907181
1806.948970949308,656.702880859375,1.0030168780877693,68.48624420166016,0,1.0003424755486576,0.002133316484875509,1.0026734869352067
1806.969804465125,655.6011352539062,1.0006322449041427,68.49543762207031,0,0.9980173796125944,0.002133316484875509,1.002620059875674
1806.990637980942,655.9020385742188,1.0028909748757224,68.50273132324219,0,1.0001158715443361,0.002133316484875509,1.0027747818131325
1807.0114714967583,659.0401611328125,1.0026491428466038,68.49564361572266,0,0.9998264161816732,0.002133316484875509,1.0028232167296705
1807.0323050125749,656.9135131835938,1.003965951179477,68.50394439697266,0,1.0012469396177308,0.002133316484875509,1.0027156253409217
1807.0531385283336,655.87451171875,1.0041691089035496,68.51228332519531,0,1.0015152158747829,0.002133316484875509,1.002649877891719
1807.0739720440345,656.2429809570312,1.0037573357675875,68.51280975341797,0,1.0011444971438397,0.002133316484875509,1.0026098516559818
1807.094805559793,655.1724243164062,0.9984707182345396,68.52618408203125,0,0.9960384618032319,0.002133316484875509,1.0024419302311924
1807.115639075493,656.2762451171875,1.004210888444767,68.51056671142578,0,1.0017303776411315,0.002133316484875509,1.0024762259975348
1807.136472591194,655.1342163085938,1.000077630904289,68.52801513671875,0,0.9974105079856292,0.002133316484875509,1.0026740473429
1807.157306106836,655.5039672851562,0.998903475239176,68.54042053222656,0,0.9962047783889755,0.002133316484875509,1.0027089780221339
1807.1781396225365,656.6533203125,1.0041122736718036,68.55740356445312,0,1.0014738596616237,0.002133316484875509,1.002634531081092
1807.1989731381204,655.6519775390625,1.0048026711806135,68.52092742919922,0,1.0021704713656465,0.002133316484875509,1.002626499073935
1807.219806653763,653.8790283203125,1.0007264370680131,68.54856872558594,0,0.9982024966546439,0.002133316484875509,1.0025284853742882
1807.240640169347,656.1443481445312,1.004740284162985,68.53235626220703,0,1.0021865899589815,0.002133316484875509,1.0025481225049202
1807.261473684931,654.5008544921875,0.9992455217083768,68.52812194824219,0,0.9969059594645248,0.002133316484875509,1.002346823410614
1807.2823072005149,653.7290649414062,1.001923458563117,68.5259780883789,0,0.9996605608363959,0.002133316484875509,1.00226366610365
1807.3031407160408,654.1293334960938,1.000463432974089,68.55276489257812,0,0.9982945386830161,0.002133316484875509,1.0021725995756063
1807.323974231567,657.9122314453125,1.004230084450191,68.54988861083984,0,1.0018887101309608,0.002133316484875509,1.0023369604782992
1807.344807747093,653.2333374023438,1.0050505254859436,68.55459594726562,0,1.0028361639822616,0.002133316484875509,1.0022080989729059
1807.3656412625603,655.7919311523438,1.0026705972056074,68.54258728027344,0,1.000453051927801,0.002133316484875509,1.0022165410696018
1807.386474778028,654.6687622070312,1.003023182658178,68.54551696777344,0,1.000908286425677,0.002133316484875509,1.002112977044134
1807.4073082934376,652.158935546875,1.001178954666469,68.5412826538086,0,0.9990823407328109,0.002133316484875509,1.002098539678041
1807.428141808905,654.1436157226562,1.000374604399969,68.57805633544922,0,0.9983018163816701,0.002133316484875509,1.0020763139806874
1807.4489753243145,654.491943359375,1.0026454730220375,68.5875473022461,0,1.0004751168197712,0.002133316484875509,1.0021693255192246
1807.469808839724,656.5760498046875,1.0048492497231871,68.58273315429688,0,1.0028307404783616,0.002133316484875509,1.0020128114978433
1807.4906423550751,655.389404296875,1.00133167582727,68.57325744628906,0,0.9991698820326615,0.002133316484875509,1.0021635898293997
1807.5114758704265,652.3719482421875,1.002099516044238,68.59194946289062,0,0.9999063395606339,0.002133316484875509,1.0021933819167181
1807.5323093857776,653.4508666992188,1.002145718194548,68.58512878417969,0,0.9999583587731657,0.002133316484875509,1.002187450509505
1807.5531429011296,651.4934692382812,1.000470113936761,68.56718444824219,0,0.9983629661769913,0.002133316484875509,1.0021106028880846
1807.5739764164225,656.8734741210938,1.0050755555714477,68.55382537841797,0,1.0029727741092553,0.002133316484875509,1.0020965488959157
1807.594809931716,656.2019653320312,0.9993315273405224,68.56847381591797,0,0.9974247468961086,0.002133316484875509,1.0019117035649532
1807.61564344695,652.6031494140625,0.9990252381363276,68.57649993896484,0,0.9970838902573786,0.002133316484875509,1.0019470256193266
1807.636476962243,652.7078247070312,1.0012672186521938,68.57559967041016,0,0.9994023323420287,0.002133316484875509,1.0018660015589467
1807.657310477478,656.49169921875,1.0042093828757142,68.54499053955078,0,1.0022708477515383,0.002133316484875509,1.0019341429799387
1807.6781439927124,652.1005859375,1.0003425169595297,68.59471893310547,0,0.9986206457238157,0.002133316484875509,1.0017242495867547
1807.698977507889,654.3982543945312,1.002854558924256,68.5764389038086,0,1.0013153464815412,0.002133316484875509,1.0015371905045931
1807.719811023066,654.0149536132812,1.001305328368845,68.56503295898438,0,0.999820097651866,0.002133316484875509,1.0014854979615504
1807.740644538243,656.1896362304688,1.003680457647825,68.57471466064453,0,1.0021918209846217,0.002133316484875509,1.0014853809740145
1807.76147805342,655.5247802734375,1.003152002910265,68.58268737792969,0,1.001675784870469,0.002133316484875509,1.0014737483546006
1807.782311568538,653.366943359375,1.00186125974162,68.57623291015625,0,1.0004155727019202,0.002133316484875509,1.0014450865011981
1807.803145083657,652.1429443359375,1.0001762456772525,68.58849334716797,0,0.9987291732660957,0.002133316484875509,1.0014489137294593
1807.823978598776,656.1915893554688,1.003923983442128,68.57650756835938,0,1.0025443423458218,0.002133316484875509,1.0013761397257284
1807.844812113836,653.5565185546875,1.0004147842740678,68.54975891113281,0,0.9990462368939628,0.002133316484875509,1.001369853896212
1807.8656456288968,655.284912109375,1.0039126916742314,68.57904815673828,0,1.0025691352962451,0.002133316484875509,1.001340113445233
1807.8864791439569,651.422607421875,1.0024087222884726,68.58740234375,0,1.001106405575104,0.002133316484875509,1.0013008774153438
1807.907312659017,653.48876953125,1.0002717552140443,68.55464935302734,0,0.9990349825300193,0.002133316484875509,1.0012379673441394
1807.9281461740195,649.4011840820312,0.9990377531790796,68.57141876220703,0,0.9978474655275825,0.002133316484875509,1.0011928553136804
1807.9489796890207,650.139404296875,1.0007169331633672,68.58650970458984,0,0.9993651175346527,0.002133316484875509,1.0013526744179837
1807.969813204024,653.4924926757812,0.9997523338908016,68.5888900756836,0,0.9983270291772609,0.002133316484875509,1.0014276932026125
1808.011480233912,647.9884643554688,0.9985349872134844,68.58733367919922,0,0.9970338647449113,0.002133316484875509,1.0015055882469521
1808.032313748855,646.727294921875,0.9985895640916512,68.62232971191406,0,0.9970372928040063,0.002133316484875509,1.0015568838787157
1808.053147263799,650.8148803710938,1.0018600364667645,68.60626983642578,0,1.000294327900437,0.002133316484875509,1.0015652478702082
1808.0739807786845,651.5438232421875,1.0054739667820654,68.62699127197266,0,1.00384422918556,0.002133316484875509,1.0016234965038624
1808.09481429357,646.9325561523438,0.9997851741157676,68.64100646972656,0,0.9981618249225144,0.002133316484875509,1.001626338688498
1808.115647808456,650.4144897460938,0.9988156817437802,68.62786865234375,0,0.9971672566363096,0.002133316484875509,1.0016531079380115
1808.136481323342,650.17822265625,1.0027389124013817,68.67314910888672,0,1.0009828029245713,0.002133316484875509,1.0017543852618442
1808.157314838169,648.6741333007812,1.0022673869936336,68.68827056884766,0,1.0004134210260063,0.002133316484875509,1.001853199815858
1808.1781483529965,650.1698608398438,1.0015465958095684,68.66426849365234,0,0.9997309456059402,0.002133316484875509,1.0018161388437643
1808.198981867824,646.8839111328125,1.0011188260024195,68.69853210449219,0,0.9992050381201133,0.002133316484875509,1.001915310481127
1808.219815382651,641.6430053710938,0.9941882211616953,68.72447967529297,0,0.9924997435704473,0.002133316484875509,1.0017012373073002
1808.240648897421,637.8259887695312,0.998342274374716,68.72037506103516,0,0.9966081021618478,0.002133316484875509,1.001740074367353
1808.26148241219,649.2064819335938,1.0025881672999624,68.72418975830078,0,1.0007281184863677,0.002133316484875509,1.0018586954630675
1808.282315926959,649.574951171875,1.003007844673452,68.74913024902344,0,1.000948670061758,0.002133316484875509,1.002057222985837
1808.30314944167,647.146240234375,1.0009889706716089,68.74906921386719,0,0.9987620100993497,0.002133316484875509,1.0022297209442694
1808.3239829563809,645.1699829101562,1.0031517206160676,68.7793197631836,0,1.0009104773972288,0.002133316484875509,1.0022392044737776
1808.3448164710928,652.392822265625,1.005774986494575,68.805419921875,0,1.0036190814566763,0.002133316484875509,1.002148130777635
1808.365649985804,649.5798950195312,1.001514508369129,68.82299041748047,0,0.9993667471699705,0.002133316484875509,1.0021491221368337
1808.3864835005145,650.9606323242188,1.0029912834138703,68.811767578125,0,1.000809026622763,0.002133316484875509,1.0021804927144506
1808.4073170151669,649.876708984375,1.0024876705656829,68.80986785888672,0,1.000364268460326,0.002133316484875509,1.002122628898596
1808.42815052982,654.626953125,1.0059111463957948,68.8188705444336,0,1.0039058727367878,0.002133316484875509,1.0019974717884061
1808.448984044473,653.4633178710938,1.0039739495150704,68.8150863647461,0,1.0019397834715087,0.002133316484875509,1.002030227841152
1808.469817559126,648.7564086914062,1.0040596728530184,68.8072280883789,0,1.0020269335568126,0.002133316484875509,1.002028627403248
1808.49065107372,650.9022216796875,1.0023532044296477,68.81372833251953,0,1.0004645791010585,0.002133316484875509,1.0018877483201716
1808.511484588315,651.850341796875,1.002717458042378,68.79936218261719,0,1.0007418448300391,0.002133316484875509,1.001974148700332
1808.532318102909,643.8038940429688,1.0023786109074149,68.7841796875,0,1.0004606118012422,0.002133316484875509,1.0019171160598912
1808.5531516175045,647.5819091796875,0.9993889271606632,68.80940246582031,0,0.9973397120870943,0.002133316484875509,1.002054681116909
1808.573985132041,648.8801879882812,1.003078700517003,68.76712799072266,0,1.0009167591387471,0.002133316484875509,1.0021599612140735
1808.594818646577,648.940185546875,1.0018224913385083,68.80206298828125,0,0.9996387368767538,0.002133316484875509,1.0021845436568189
1808.615652161114,650.0014038085938,1.004102393374894,68.76396179199219,0,1.0018728942761757,0.002133316484875509,1.0022253312884857
1808.63648567565,650.2914428710938,1.0042395883548374,68.7745361328125,0,1.0020459414857923,0.002133316484875509,1.0021891679594974
1808.6573191901284,650.3303833007812,1.0001916777600446,68.75464630126953,0,0.9980589327868027,0.002133316484875509,1.0021368928258443
1808.6781527046644,650.9199829101562,1.000644665848829,68.78385162353516,0,0.9985920665166286,0.002133316484875509,1.0020554933300847
1808.6989862191424,652.9390258789062,0.9997242926671918,68.80734252929688,0,0.997832579068284,0.002133316484875509,1.0018958226445904
1808.7198197336213,646.1190185546875,1.0007688752956914,68.78147888183594,0,0.9988879201194523,0.002133316484875509,1.0018830492774546
1808.7406532480409,651.7700805664062,1.0004163839411864,68.80039978027344,0,0.9986413764902041,0.002133316484875509,1.0017774222987041
1808.76148676252,647.0247192382812,1.0016121821614343,68.79827117919922,0,0.999773174912757,0.002133316484875509,1.0018394244762947
1808.78232027694,648.8544311523438,1.000859868125325,68.83635711669922,0,0.9990151127419009,0.002133316484875509,1.0018465740506777
1808.80315379136,650.4440307617188,0.9990572314787012,68.8033218383789,0,0.9973489449903763,0.002133316484875509,1.0017128272876865
1808.82398730578,644.3665161132812,0.9994135808539042,68.78742218017578,0,0.9979153964474508,0.002133316484875509,1.0015013140510578
1808.844820820199,652.3224487304688,1.004501086879709,68.82401275634766,0,1.0029977120592024,0.002133316484875509,1.0014988816050439
1808.865654334561,652.2626342773438,1.0000734905893935,68.83641052246094,0,0.9987557813246097,0.002133316484875509,1.0013193508257205
1808.886487848924,649.2752685546875,1.0039949333837448,68.83675384521484,0,1.0026339591852866,0.002133316484875509,1.0013573988652489
1808.907321363343,652.14306640625,1.005448089813969,68.81424713134766,0,1.0039872832382926,0.002133316484875509,1.0014550050583955
1808.928154877647,649.69970703125,1.0002008052724276,68.86264038085938,0,0.9988520255484059,0.002133316484875509,1.0013503298682116
1808.948988409879,650.939697265625,1.0036071552545631,68.87928009033203,0,1.002170861611729,0.002133316484875509,1.0014331824021745
1808.969821924182,649.4207153320312,1.0021281218562423,68.89632415771484,0,1.000942453876986,0.002133316484875509,1.001184551594014
1808.990655438486,649.2430419921875,0.9984015561561732,68.8862533569336,0,0.9972708144333468,0.002133316484875509,1.0011338361721425
1809.011488952848,649.370361328125,1.00105982651516,68.89157104492188,0,0.999748989708336,0.002133316484875509,1.0013111659229648
1809.032322467152,649.3585815429688,1.000922349241019,68.90788269042969,0,0.9995103204661914,0.002133316484875509,1.0014127205551706
1809.053155981397,649.0422973632812,1.0012116066953032,68.9219741821289,0,0.9998089701890238,0.002133316484875509,1.0014029045028614
1809.073989495701,651.1058959960938,1.0011439501859896,68.94122314453125,0,0.9998100963779688,0.002133316484875509,1.0013341071598025
1809.094823009946,650.7831420898438,1.0039780898299655,68.93081665039062,0,1.0025877067471938,0.002133316484875509,1.0013867944653767
1809.11565652425,652.772216796875,1.005167489381739,68.92997741699219,0,1.003601414758006,0.002133316484875509,1.0015604547788632
1809.1364900384951,651.3648681640625,1.001423327343364,68.92936706542969,0,0.999814246576337,0.002133316484875509,1.001609379714819
1809.15732355274,647.5614624023438,1.0005485917236423,68.9425277709961,0,0.9989525440110155,0.002133316484875509,1.0015977212553244
1809.178157066986,650.2951049804688,1.0023442651133962,68.94906616210938,0,1.0006996550496896,0.002133316484875509,1.0016434602084727
1809.198990581173,648.580810546875,1.0004660677199315,68.95836639404297,0,0.9990877782292235,0.002133316484875509,1.0013795479443768
1809.2198240954183,648.29443359375,1.0038301676705206,68.97439575195312,0,1.0022417773754402,0.002133316484875509,1.0015848374423584
1809.240657609606,648.7739868164062,1.0020496440693611,69.02119445800781,0,1.0004731846459272,0.002133316484875509,1.001575713819848
1809.261491123793,651.0451049804688,1.001406107397322,68.98121643066406,0,0.999887677775226,0.002133316484875509,1.0015186001946483
1809.28232463798,649.2290649414062,1.0034322269502318,68.9934310913086,0,1.0017909538814151,0.002133316484875509,1.0016383388794414
1809.303158152168,649.6881103515625,0.9989487364088282,69.01285552978516,0,0.9975189905687938,0.002133316484875509,1.0014333018755053
1809.3239916663551,652.3983764648438,1.0051643841455675,69.05229949951172,0,1.0037558124301365,0.002133316484875509,1.0014033011794181
1809.3448251805423,645.3274536132812,0.9950251293589636,69.04209899902344,0,0.9935351496079683,0.002133316484875509,1.0014996749250222
1809.365658694673,647.2613525390625,1.0013117270373195,69.02372741699219,0,0.9996817065852941,0.002133316484875509,1.0016305394419922
1809.3864922088017,650.2865600585938,0.9983727621480368,69.05546569824219,0,0.9967661574820906,0.002133316484875509,1.0016118170283836
1809.4073257229888,647.204833984375,0.99852454232818,69.04940032958984,0,0.996919755999615,0.002133316484875509,1.0016097447351275
1809.4281592371185,651.798583984375,1.0011782018819424,69.05253601074219,0,0.9994463951730387,0.002133316484875509,1.0017327659765123
1809.448992751247,651.5390625,1.003367957971287,69.04790496826172,0,1.0016118000094423,0.002133316484875509,1.0017533319414051
1809.469826265376,650.6537475585938,1.0021539988243389,69.08101654052734,0,1.000618396570913,0.002133316484875509,1.0015346532291314
1809.490659779448,647.3238525390625,0.9985333875463656,69.07781219482422,0,0.9970997068033383,0.002133316484875509,1.001437850932304
1809.511493293576,649.0858764648438,1.000048648700021,69.08648681640625,0,0.9985453843241687,0.002133316484875509,1.0015054542331792
1809.532326807705,645.9458618164062,0.998930575482128,69.08053588867188,0,0.9975209680236248,0.002133316484875509,1.001413110604879
1809.5531603217764,650.3345336914062,1.0053857968944062,69.08647918701172,0,1.0039155724274145,0.002133316484875509,1.0014644901497411
1809.573993835847,652.3070068359375,1.0030833113222275,69.10478210449219,0,1.0015924094189854,0.002133316484875509,1.001488531551579
1809.594827349976,651.3442993164062,1.0022432037907218,69.06993103027344,0,1.0008193023648564,0.002133316484875509,1.0014227357750805
1809.615660864047,647.967529296875,1.0029975879842792,69.0574951171875,0,1.0016625732745872,0.002133316484875509,1.0013327988339702
1809.636494378118,646.9085693359375,0.9986380245955406,69.03937530517578,0,0.9973753764070441,0.002133316484875509,1.0012659708855507
1809.657327892188,648.5199584960938,1.0014776219273336,69.02964782714844,0,1.0002032676176584,0.002133316484875509,1.0012740953273533
1809.6781614062595,647.4122314453125,1.0009745736675408,69.01988220214844,0,0.9997898987539702,0.002133316484875509,1.0011849238675516
1809.698994920331,648.6746826171875,1.0054986204753062,69.01644897460938,0,1.004227879151777,0.002133316484875509,1.0012653914016036
1809.719828434343,648.7606811523438,1.0005175393619266,69.0174560546875,0,0.9992493477647761,0.002133316484875509,1.0012691442831434
1809.740661948414,643.8349609375,1.0011696389579543,69.01832580566406,0,0.9997632457662586,0.002133316484875509,1.0014067262400888
1809.761495462485,649.1199340820312,1.004231025430849,69.02357482910156,0,1.002682737567266,0.002133316484875509,1.0015441453269052
1809.7823289764976,650.9940795898438,1.005906723786702,69.04451751708984,0,1.0042065153427213,0.002133316484875509,1.001693086449853
1809.8031624905684,647.2484130859375,0.9994131103635752,69.01117706298828,0,0.997930615431024,0.002133316484875509,1.0014855691464188
1809.8239960045807,646.1138916015625,0.999153305603888,69.04269409179688,0,0.997690248510136,0.002133316484875509,1.0014664442154635
1809.844829518594,646.7028198242188,1.0021191825399909,69.02603912353516,0,1.0006074878522553,0.002133316484875509,1.0015107769091158
1809.8656630326643,646.9796752929688,1.0001939361136238,69.00141143798828,0,0.9986811448050363,0.002133316484875509,1.001514789096056
1809.8864965466776,645.3876342773438,1.0016532089181254,69.01397705078125,0,1.0000308222157568,0.002133316484875509,1.0016223366983568
1809.90733006069,650.5143432617188,1.0048755030835466,69.03195190429688,0,1.0034313745908745,0.002133316484875509,1.0014391900923576
1809.9281635747604,647.9483642578125,1.00058340800799,69.01579284667969,0,0.9991272882699253,0.002133316484875509,1.0014573916208276
1809.9489970887728,647.5222778320312,0.9991188657118034,69.0634536743164,0,0.9978464586074584,0.002133316484875509,1.001275153199542
1809.9698306027865,649.6033325195312,1.0018908065342826,69.03479766845703,0,1.000766522161456,0.002133316484875509,1.0011234232440136
1809.990664116799,643.9943237304688,0.9992021425000408,69.04447937011719,0,0.9978270098741919,0.002133316484875509,1.0013781272828266
1810.011497630812,646.6602172851562,1.0020837075691826,69.05326080322266,0,1.0005406018919278,0.002133316484875509,1.0015422719221359
1810.0323311448244,648.6727905273438,1.0018449807762355,69.10050201416016,0,1.0003403572781147,0.002133316484875509,1.0015041115628034
1810.053164658837,645.3892211914062,1.0010495698259874,69.13109588623047,0,0.9995592948745231,0.002133316484875509,1.001490932012844
1810.073998172849,648.2774047851562,1.0035413807065654,69.17597961425781,0,1.0020993435837837,0.002133316484875509,1.001439016133495
1810.094831686921,647.4835815429688,1.0026675860675016,69.21965026855469,0,1.001292922504704,0.002133316484875509,1.001372888524328
1810.115665200934,650.5946655273438,1.0050590884099315,69.18628692626953,0,1.0038335863642083,0.002133316484875509,1.0012208219194596
1810.136498714946,646.150634765625,0.9978501414905566,69.21222686767578,0,0.9967087551614169,0.002133316484875509,1.0011451553156618
1810.1573322289585,645.3632202148438,1.0017945442129643,69.17691040039062,0,1.0006226679688803,0.002133316484875509,1.001171147008355
1810.1781657429715,645.71044921875,1.00016307194804,69.16716003417969,0,0.9987917833681291,0.002133316484875509,1.0013729473977917
1810.198999256984,645.603515625,1.0003573844539269,69.1339340209961,0,0.998919009985054,0.002133316484875509,1.0014399310199276
1810.2198327709964,648.051513671875,1.0024776020726416,69.1278305053711,0,1.001072966232679,0.002133316484875509,1.0014031303285
1810.240666285068,643.0831909179688,0.9981184150761664,69.1351318359375,0,0.9967928174964659,0.002133316484875509,1.0013298626920586
1810.2614997990809,648.8424072265625,1.0052399448924088,69.12100219726562,0,1.0040848951378079,0.002133316484875509,1.0011503506926498
1810.2823333130927,644.9129028320312,0.9980881154989772,69.17284393310547,0,0.9970387699194854,0.002133316484875509,1.0010524621621049
1810.303166827164,648.2393798828125,1.0012436941357428,69.1601333618164,0,1.0001454621738104,0.002133316484875509,1.0010980722339582
1810.3240003411768,648.1258544921875,1.0031185039988384,69.2078857421875,0,1.0019795083042218,0.002133316484875509,1.0011367454974647
1810.344833855248,648.5985107421875,1.0035785494425584,69.23553466796875,0,1.0022436510667,0.002133316484875509,1.0013319100344886
1810.36566736926,645.6060791015625,1.0002101209809422,69.27513122558594,0,0.9991422095287537,0.002133316484875509,1.001068828282905
1810.386500883332,644.8728637695312,1.0035225610934044,69.25856018066406,0,1.002626967236619,0.002133316484875509,1.0008932473253276
1810.407334397403,642.2943725585938,0.9989292581092066,69.2783432006836,0,0.9980563211021894,0.002133316484875509,1.0008746370205373
1810.4281679114151,644.0917358398438,0.9974521066722022,69.26750183105469,0,0.996675367521365,0.002133316484875509,1.0007793301371226
1810.449001425486,644.093017578125,1.0002884105716918,69.264892578125,0,0.9995231880077639,0.002133316484875509,1.0007655876052792
1810.469834939557,647.4589233398438,1.0025795102779085,69.25064086914062,0,1.0018212677750873,0.002133316484875509,1.0007568640507154
1810.4906684536288,645.5289306640625,1.0002012757627563,69.26593780517578,0,0.9991981837213636,0.002133316484875509,1.0010038969823352
1810.5115019676991,647.2393188476562,1.0037818953627626,69.27176666259766,0,1.0028761396381676,0.002133316484875509,1.0009031581157388
1810.532335481828,649.6932983398438,1.005451383246272,69.25717163085938,0,1.0045450665137765,0.002133316484875509,1.0009022161003096
1810.553168995899,644.9295043945312,0.9969529164331076,69.26873779296875,0,0.9959553940376489,0.002133316484875509,1.0010015733650628
1810.574002510028,645.9851684570312,1.0004381205943873,69.2294921875,0,0.9994913756226617,0.002133316484875509,1.0009472267543438
1810.5948360240984,641.4727783203125,0.9942089227361722,69.28475189208984,0,0.9931339627964367,0.002133316484875509,1.001082391681288
1810.615669538228,644.3472290039062,0.9982791345725608,69.28424072265625,0,0.9972614668812968,0.002133316484875509,1.001020462260962
1810.636503052358,644.8507690429688,0.999984097426879,69.28333282470703,0,0.9987525785542952,0.002133316484875509,1.0012330570143473
1810.657336566487,644.9483032226562,1.0027728818031372,69.29619598388672,0,1.001444856467644,0.002133316484875509,1.0013261092978973
1810.678170080616,647.3906860351562,1.001868411194621,69.22859191894531,0,1.0005447657165856,0.002133316484875509,1.0013229247939621
1810.699003594803,644.1369018554688,0.9982946607534188,69.26445007324219,0,0.9969717675285634,0.002133316484875509,1.0013269114211074
1810.719837108933,642.576904296875,0.9974841941126416,69.30524444580078,0,0.996003083571371,0.002133316484875509,1.001487054172523
1810.74067062312,643.5803833007812,1.0006202944497855,69.37672424316406,0,0.9990994717772467,0.002133316484875509,1.0015221934507017
1810.7615041373065,644.9923706054688,1.000947567522655,69.5058822631836,0,0.9992468082366253,0.002133316484875509,1.0017020412494797
1810.7823376514943,647.8760375976562,1.0022822544880308,69.62395477294922,0,1.000383632479831,0.002133316484875509,1.001897893914451
1810.8031711657404,647.382080078125,1.004343472619486,69.80529022216797,0,1.0022813057401387,0.002133316484875509,1.0020574731540308
1810.824004679927,647.2745971679688,1.0055686294362651,70.06520080566406,0,1.0034788384767324,0.002133316484875509,1.002082546117968
1810.844838194173,646.118896484375,0.9994470797653308,70.38914489746094,0,0.9972570056946851,0.002133316484875509,1.0021960979548297
1810.8656717084184,647.006591796875,1.000141335294839,70.81925201416016,0,0.9980553277769936,0.002133316484875509,1.0020900720228523
1810.8865052226645,644.1258544921875,1.0026875348574522,71.27618408203125,0,1.0007002063636063,0.002133316484875509,1.0019859379274714
1810.9073387369103,644.979248046875,1.0012014441041963,71.81489562988281,0,0.9990999487178507,0.002133316484875509,1.0021033885439015
1810.9281722512144,642.1259155273438,1.0009674222145395,72.41382598876953,0,0.9987656595545402,0.002133316484875509,1.0022044837434452
1810.9490057655185,644.3960571289062,1.0022152566651776,73.088134765625,0,0.9999792012631772,0.002133316484875509,1.0022361019100956
1810.969839279823,647.0150756835938,1.0031860664100862,73.80821228027344,0,1.000835896044232,0.002133316484875509,1.0023482075084869
1810.9906727941848,648.477294921875,1.003938850936525,74.48939514160156,0,1.001437412531451,0.002133316484875509,1.0024978479671045
1811.011506308489,643.61083984375,1.0025856266521855,75.20260620117188,0,1.0001359117176403,0.002133316484875509,1.0024493820348257
1811.0323398228504,644.5485229492188,1.003711321813409,76.04759216308594,0,1.001197736290962,0.002133316484875509,1.0025105785114525
1811.053173337271,644.4152221679688,1.0040080130148916,76.7879638671875,0,1.001359384552024,0.002133316484875509,1.0026450328460772
1811.074006851633,645.9796142578125,1.0057675527473766,77.31187438964844,0,1.0030363109987432,0.002133316484875509,1.002722973952871
1811.094840366053,642.8593139648438,1.001675510159721,77.62869262695312,0,0.9988121986908035,0.002133316484875509,1.002866716558599
1811.115673880473,646.0875244140625,1.0049270688236076,77.91997528076172,0,1.0018385787805435,0.002133316484875509,1.0030828220318921
1811.136507394952,646.049072265625,1.0036410305582528,78.28315734863281,0,1.0005330781956314,0.002133316484875509,1.0031062964637074
1811.1573409093728,644.5535888671875,1.0030987434050194,78.79658508300781,0,1.0000663315562228,0.002133316484875509,1.003032210717541
1811.178174423909,645.9556884765625,1.0041812475540384,79.44318389892578,0,1.0013826610710934,0.002133316484875509,1.002794722329176
