TIME,RAW_FLUX,RAW_FLUX_ERR,FLUX,FLUX_ERR,FLUX_TREND
1790.682157290507,0.9695457697457849,0.024812330606488325,1.007020069204495,0.0050395500011096465,0.9627869388061815
1790.7029907882784,0.9641219608083292,0.024812330606488325,1.0016374388951932,0.0050395500011096465,0.9625458507938327
1790.723824283721,0.9616203167719959,0.024812330606488325,0.9986452898772097,0.0050395500011096465,0.9629248007470538
1790.744657776835,0.9670681554731537,0.024812330606488325,1.0039034851646955,0.0050395500011096465,0.9633078973866708
1790.7654912671555,0.9662517260470042,0.024812330606488325,1.0030559581918923,0.0050395500011096465,0.9633078973866708
1790.7863247551463,0.9595743644364157,0.024812330606488325,0.9961242579237816,0.0050395500011096465,0.9633078973866708
1790.807158241276,0.9679839807400715,0.024812330606488325,1.0048541939353828,0.0050395500011096465,0.9633078973866708
1790.8279917246118,0.9655619261938186,0.024812330606488325,1.0023398840736828,0.0050395500011096465,0.9633078973866708
1790.8488252056186,0.9568849969733421,0.024812330606488325,0.9933324532781749,0.0050395500011096465,0.9633078973866708
1790.869658684763,0.9636446423202442,0.024812330606488325,1.0003495714449004,0.0050395500011096465,0.9633078973866708
1790.8904921615797,0.9635858058079065,0.024812330606488325,1.0002884938678378,0.0050395500011096465,0.9633078973866708
1790.911325636533,0.9560740288571248,0.024812330606488325,0.9924905956349257,0.0050395500011096465,0.9633078973866708
1790.9321591091584,0.9619200334610819,0.024812330606488325,0.9985592727627854,0.0050395500011096465,0.9633078973866708
1790.952992579455,0.9644050751152209,0.024812330606488325,1.0011389688920092,0.0050395500011096465,0.9633078973866708
1790.973826047889,0.9609139145366162,0.024812330606488325,0.997514831076804,0.0050395500011096465,0.9633078973866708
1790.9946595144615,0.9589911693531092,0.024812330606488325,0.9955188491184674,0.0050395500011096465,0.9633078973866708
1791.01549297917,0.9581954200872368,0.024812330606488325,0.994692790006909,0.0050395500011096465,0.9633078973866708
1791.036326442017,0.959891266047422,0.024812330606488325,0.9968385929450422,0.0050395500011096465,0.9629354971214912
1791.057159903,0.9710672178754645,0.024812330606488325,1.0085688000143622,0.0050395500011096465,0.9628170312839702
1791.0779933616554,0.9706973051493818,0.024812330606488325,1.0080264929578862,0.0050395500011096465,0.9629680488863264
1791.0988268189144,0.9599509035518831,0.024812330606488325,0.9972851130433215,0.0050395500011096465,0.9625641564251279
1792.5154986021066,1.0208171299301703,0.024812330606488325,1.00009812062752,0.0050395500011096465,1.020716976539912
1792.619665437639,1.0252495290712444,0.024812330606488325,1.0041588644254247,0.0050395500011096465,1.0210033147074669
1792.640498801766,1.0277705425534711,0.024812330606488325,1.0070147031662824,0.0050395500011096465,1.020611257533706
1792.661332164961,1.0179486315013162,0.024812330606488325,0.9974719370974322,0.0050395500011096465,1.0205285919756997
1792.682165526759,1.0213955190607362,0.024812330606488325,1.0011969209292033,0.0050395500011096465,1.0201744509090047
1792.702998888091,1.0169146234874629,0.024812330606488325,0.9970369892739973,0.0050395500011096465,1.0199367068898213
1792.744665607962,1.0186501549664897,0.024812330606488325,0.9986886388868295,0.0050395500011096465,1.0199877272078612
1792.765498966035,1.0237559700309524,0.024812330606488325,1.0039461694094955,0.0050395500011096465,1.0197319350629215
1792.8071656803174,1.0242358371303395,0.024812330606488325,1.0047395834887531,0.0050395500011096465,1.019404285410842
1792.8279990360616,1.017926422174258,0.024812330606488325,0.998590473694456,0.0050395500011096465,1.019363241478026
1792.848832390409,1.0132709831355478,0.024812330606488325,0.9942196709574399,0.0050395500011096465,1.019162075278355
1792.869665744291,1.0169913730963784,0.024812330606488325,0.9982140963552114,0.0050395500011096465,1.0188108711445056
1792.8904990972414,1.0199030522824306,0.024812330606488325,1.0011142133158428,0.0050395500011096465,1.0187679274918655
1792.9113324492605,1.0271705994530391,0.024812330606488325,1.0083710470605043,0.0050395500011096465,1.0186434868864367
1792.932165799883,1.0230204408092671,0.024812330606488325,1.004507345287291,0.0050395500011096465,1.0184300250354879
1792.9529991500394,1.021263064090511,0.024812330606488325,1.0028481189881289,0.0050395500011096465,1.0183626461013484
1792.973832499264,1.0155271594947894,0.024812330606488325,0.9975640576376341,0.0050395500011096465,1.0180069657879358
1792.9946658475585,1.0195734804323813,0.024812330606488325,1.001667427019158,0.0050395500011096465,1.0178762460775126
1793.015499194921,1.014765415985429,0.024812330606488325,0.9972162658939205,0.0050395500011096465,1.0175981386302169
1793.036332541353,1.0175262901998832,0.024812330606488325,1.0004052134254735,0.0050395500011096465,1.0171141418943486
1793.0571658873182,1.0250869276701928,0.024812330606488325,1.0077835616092201,0.0050395500011096465,1.0171697244528803
1793.0779992318865,1.0148116550761892,0.024812330606488325,0.9979439939390299,0.0050395500011096465,1.0169024125999098
1793.0988325755238,1.01371276670034,0.024812330606488325,0.9971861481448809,0.0050395500011096465,1.0165732532348193
1793.1196659186949,1.018578721032575,0.024812330606488325,1.0024916105037014,0.0050395500011096465,1.0160471273378444
1793.1404992604698,1.0090024232924433,0.024812330606488325,0.992996813156739,0.0050395500011096465,1.0161184909393841
1793.1613326017791,1.0189165212562556,0.024812330606488325,1.00322092505317,0.0050395500011096465,1.0156452041730029
1793.1821659421566,1.0165174770291843,0.024812330606488325,1.0011782684334503,0.0050395500011096465,1.0153211561610656
1793.202999281603,1.0127285658330694,0.024812330606488325,0.9975949082381589,0.0050395500011096465,1.0151701431813018
1793.2238326201175,1.0184726988024222,0.024812330606488325,1.003568707532397,0.0050395500011096465,1.014850992421507
1793.244665957701,1.0167022877572942,0.024812330606488325,1.0022251989429083,0.0050395500011096465,1.0144449459359588
1793.26549929482,1.0109486156999261,0.024812330606488325,0.9967773834448885,0.0050395500011096465,1.0142170483504165
1793.2863326305403,1.01712441060633,0.024812330606488325,1.0033717756614795,0.0050395500011096465,1.0137064199715842
1793.307165965796,1.0194317048265382,0.024812330606488325,1.0057035231623832,0.0050395500011096465,1.0136503267095927
1793.3279992996545,1.0076422658494313,0.024812330606488325,0.9942794041417462,0.0050395500011096465,1.0134397450575976
1793.348832633047,1.0117732734997071,0.024812330606488325,0.9987428836109717,0.0050395500011096465,1.013046791223807
1793.3696659655084,1.010934489111568,0.024812330606488325,0.9982387910488496,0.0050395500011096465,1.0127180972895062
1793.390499297504,1.0175670679807112,0.024812330606488325,1.0047888937545755,0.0050395500011096465,1.0127172725590026
1793.411332628103,1.0107312555646197,0.024812330606488325,0.9983633014662964,0.0050395500011096465,1.0123882298960294
1793.432165958236,1.008944970311955,0.024812330606488325,0.9969132411099302,0.0050395500011096465,1.0120689832433454
1793.452999287438,1.00904545841471,0.024812330606488325,0.9973026869888073,0.0050395500011096465,1.011774531021628
1793.4738326157085,1.0176018747293465,0.024812330606488325,1.0061092860827718,0.0050395500011096465,1.0114228034722952
1793.494665943048,1.0086550111632815,0.024812330606488325,0.9971582646019591,0.0050395500011096465,1.0115295103790887
1793.5154992694556,1.0056145178802922,0.024812330606488325,0.9943921198139117,0.0050395500011096465,1.0112856868460307
1793.5363325953974,1.0084390345598246,0.024812330606488325,0.9975177083900428,0.0050395500011096465,1.0109485035482813
1793.557165920409,1.0038888167591438,0.024812330606488325,0.9933260198682258,0.0050395500011096465,1.0106337664368434
1793.5779992444886,1.0110050492358935,0.024812330606488325,1.0008062183712254,0.0050395500011096465,1.0101906150036382
1793.5988325676365,1.0136961643181457,0.024812330606488325,1.0039085123836846,0.0050395500011096465,1.0097495457143015
1793.6196658898534,1.0064379377831552,0.024812330606488325,0.9967083054328164,0.0050395500011096465,1.0097617650994828
1793.640499211605,1.01845915475379,0.024812330606488325,1.0090207156686892,0.0050395500011096465,1.0093540587804937
1793.6613325324247,1.0107018373084509,0.024812330606488325,1.0016008348040235,0.0050395500011096465,1.0090864565884752
1793.6821658523131,1.0090830322270443,0.024812330606488325,1.000008135894318,0.0050395500011096465,1.0090748225009294
1793.7029991712704,1.0089722040441509,0.024812330606488325,1.0000932961770888,0.0050395500011096465,1.0088780795761778
1793.7238324897626,1.0174969447611804,0.024812330606488325,1.0086304444903569,0.0050395500011096465,1.0087906331989647
1793.744665807322,1.0074803926230373,0.024812330606488325,0.9989870604898874,0.0050395500011096465,1.0085019440882297
1793.765499123952,1.0107276146913315,0.024812330606488325,1.0023787679160787,0.0050395500011096465,1.0083290339365527
1793.78633243965,1.0087285568037037,0.024812330606488325,1.0005413826753227,0.0050395500011096465,1.008182744132471
1793.807165754883,1.0022388458023899,0.024812330606488325,0.9944266675411754,0.0050395500011096465,1.0078559621500607
1793.827999069183,1.012009056453852,0.024812330606488325,1.0043455113195965,0.0050395500011096465,1.0076303872003036
1793.8488323825525,1.0130848616930541,0.024812330606488325,1.0054873303630065,0.0050395500011096465,1.0075560686849279
1793.8696656954562,1.0121749346408633,0.024812330606488325,1.0044650199681773,0.0050395500011096465,1.0076756427744296
1793.890499006963,1.0039159776738737,0.024812330606488325,0.9962434611898922,0.0050395500011096465,1.0077014472695436
1793.911332318004,1.0058669760340972,0.024812330606488325,0.9981552273779167,0.0050395500011096465,1.0077260013719898
1793.9321656281136,1.0058123629347742,0.024812330606488325,0.9984285229913569,0.0050395500011096465,1.0073954617415124
1793.952998937758,1.0074503918271425,0.024812330606488325,1.0000628648414938,0.0050395500011096465,1.0073870625991292
1793.9738322464705,1.0021146920232618,0.024812330606488325,0.9948446931363533,0.0050395500011096465,1.0073076721794525
1793.9946655542517,1.007857150190902,0.024812330606488325,1.0008859914971155,0.0050395500011096465,1.0069649877738414
1794.015498861102,1.004569004706848,0.024812330606488325,0.9977799970886884,0.0050395500011096465,1.0068041127683143
1794.0363321674863,1.0100476451960243,0.024812330606488325,1.0032606516406115,0.0050395500011096465,1.0067649354575146
1794.0571654729397,1.0040008828389548,0.024812330606488325,0.9974268070376687,0.0050395500011096465,1.0065910358082424
1794.077998777462,1.01021396028783,0.024812330606488325,1.0034650197295722,0.0050395500011096465,1.0067256360964894
1794.098832081518,1.0038226256827638,0.024812330606488325,0.9973462566921801,0.0050395500011096465,1.0064936013416879
1794.119665384643,1.006558232236598,0.024812330606488325,1.000421002577562,0.0050395500011096465,1.0061346469568548
1794.140498686836,1.003300742905631,0.024812330606488325,0.9974267617817688,0.0050395500011096465,1.005889135271816
1794.161331988098,1.0019605374482385,0.024812330606488325,0.9961146981339772,0.0050395500011096465,1.0058686407551383
1794.182165288895,1.0047426015452303,0.024812330606488325,0.9992568345351873,0.0050395500011096465,1.0054898468746474
1794.2029985892254,1.008912930627019,0.024812330606488325,1.0038285988141746,0.0050395500011096465,1.0050649401888436
1794.2238318881596,1.0090137099996368,0.024812330606488325,1.0043117029052513,0.0050395500011096465,1.0046818204754397
1794.244665186628,1.0062296798310693,0.024812330606488325,1.0013058474255703,0.0050395500011096465,1.004917411016982
1794.2654984841652,0.9994363199975184,0.024812330606488325,0.994424112721479,0.0050395500011096465,1.0050403114847268
1794.28633178077,1.012714439244711,0.024812330606488325,1.0074893767037696,0.0050395500011096465,1.0051862209783653
1794.307165076911,1.0023681696215874,0.024812330606488325,0.9973917472694881,0.0050395500011096465,1.0049894360623326
1794.327998372119,0.9989142187679884,0.024812330606488325,0.9935734668850545,0.0050395500011096465,1.005375296403272
1794.348831666862,1.0073962156326137,0.024812330606488325,1.0022888941711368,0.0050395500011096465,1.0050956580394923
1794.3696649606736,1.0082224025991757,0.024812330606488325,1.0030868428676194,0.0050395500011096465,1.0051197558497276
1794.3904982535537,1.0059175113553378,0.024812330606488325,1.0012025209221016,0.0050395500011096465,1.0047093273685466
1794.411331545969,1.0134116664794044,0.024812330606488325,1.0086557754904473,0.0050395500011096465,1.004715078329517
1794.4321648369864,1.0018025963649957,0.024812330606488325,0.9974898867402916,0.0050395500011096465,1.0043235622556512
1794.452998128004,1.0010364838076893,0.024812330606488325,0.9966715243443085,0.0050395500011096465,1.0043795366444852
1794.473831417625,1.0029987688751063,0.024812330606488325,0.9983673008364371,0.0050395500011096465,1.0046390421989873
1794.4946647067795,1.0015269094396122,0.024812330606488325,0.9969282164677062,0.0050395500011096465,1.0046128626875463
1794.515497995469,0.9963534469494543,0.024812330606488325,0.9918874198401745,0.0050395500011096465,1.0045025544431236
1794.536331282762,1.0003695486387538,0.024812330606488325,0.9960913587406122,0.0050395500011096465,1.0042949774241097
1794.5571645695886,0.999950265670883,0.024812330606488325,0.9962758311572601,0.0050395500011096465,1.0036881698809803
1794.577997855949,1.0094250558637392,0.024812330606488325,1.0062501312623773,0.0050395500011096465,1.0031552041611949
1794.5988311413785,1.0087371492646637,0.024812330606488325,1.0060408121320623,0.0050395500011096465,1.0026801468688802
1794.619664425877,1.0151529505382266,0.024812330606488325,1.012275948746884,0.0050395500011096465,1.0028421121680349
1794.640497709445,1.0030129682809306,0.024812330606488325,1.0001577452753927,0.0050395500011096465,1.0028547726786354
1794.6613309925456,1.0117616227051849,0.024812330606488325,1.0090034343568202,0.0050395500011096465,1.0027335767693624
1794.6821642751815,1.0006539736600293,0.024812330606488325,0.9979274205350933,0.0050395500011096465,1.0027322158594199
1794.702997556421,1.0049601801329342,0.024812330606488325,1.0026217835215998,0.0050395500011096465,1.0023322818731517
1794.7238308371934,1.0015570558704385,0.024812330606488325,0.9996904169841931,0.0050395500011096465,1.0018672169448983
1794.744664117501,1.0040325584365624,0.024812330606488325,1.0026477876537323,0.0050395500011096465,1.001381113886533
1794.7654973968774,1.0039753239084719,0.024812330606488325,1.0026501584708443,0.0050395500011096465,1.001321662821705
1794.7863306753225,1.004412447155455,0.024812330606488325,1.002759062565082,0.0050395500011096465,1.0016488353504815
1794.807163953301,1.0116699455157876,0.024812330606488325,1.0100910259950626,0.0050395500011096465,1.0015631457760645
1794.8279972303494,1.0027336404822584,0.024812330606488325,1.0014800451312655,0.0050395500011096465,1.0012517427152816
1794.848830506467,0.9962579104343715,0.024812330606488325,0.9951916692223698,0.0050395500011096465,1.0010713928230879
1794.8696637821176,0.9949098406906767,0.024812330606488325,0.9938679440017919,0.0050395500011096465,1.001048325076961
1794.8904970568365,0.9973401236105608,0.024812330606488325,0.9962862549308875,0.0050395500011096465,1.0010577970683199
1794.911330331091,1.0003149355394307,0.024812330606488325,0.9992645329195157,0.0050395500011096465,1.0010511757250566
1794.9321636044135,1.0020470445975667,0.024812330606488325,1.0010517593652055,0.0050395500011096465,1.0009942395316225
1794.973830149196,1.0057423125327087,0.024812330606488325,1.0049935230384806,0.0050395500011096465,1.0007450689751356
1794.9946634201906,0.9964866300943372,0.024812330606488325,0.9958409728600908,0.0050395500011096465,1.0006483537551103
1795.0154966907185,0.9988801401940106,0.024812330606488325,0.9984125465676901,0.0050395500011096465,1.000468337089641
1795.036329960316,0.992203433940614,0.024812330606488325,0.9916607709315379,0.0050395500011096465,1.0005472264558437
1795.0571632294475,0.9981820391497279,0.024812330606488325,0.9976476942027255,0.0050395500011096465,1.0005356048534042
1795.077996497648,0.9986193808491084,0.024812330606488325,0.9979395108883066,0.0050395500011096465,1.0006812737178796
1795.098829764917,1.0027386648873962,0.024812330606488325,1.0021934477827006,0.0050395500011096465,1.0005440238168608
1795.1196630317204,1.0066941096277142,0.024812330606488325,1.0062397580971774,0.0050395500011096465,1.000451534067185
1795.140496297592,0.9995076082965016,0.024812330606488325,0.9994461519642022,0.0050395500011096465,1.0000614903886305
1795.161329562999,0.9945724773717904,0.024812330606488325,0.9944648443298838,0.0050395500011096465,1.000108232123559
1795.182162827474,0.9986286286672605,0.024812330606488325,0.9988542688177113,0.0050395500011096465,0.9997741010300553
1795.202996091483,0.9983273099939277,0.024812330606488325,0.9981438157520011,0.0050395500011096465,1.0001838354744386
1795.223829354561,0.989363698410737,0.024812330606488325,0.9887845480552301,0.0050395500011096465,1.0005857194640086
1795.2446626167084,0.9969781479882464,0.024812330606488325,0.9962498545219195,0.0050395500011096465,1.000731034953753
1795.2654958783896,1.0120996413812628,0.024812330606488325,1.0114054326167636,0.0050395500011096465,1.0006863803002355
1795.2863291396045,1.0000597831393925,0.024812330606488325,0.9993133142598232,0.0050395500011096465,1.0007469818213341
1795.307162399889,1.0045012116462215,0.024812330606488325,1.0036384110380174,0.0050395500011096465,1.0008596727653256
1795.327995659242,1.0011175296470851,0.024812330606488325,1.0002388972547869,0.0050395500011096465,1.000878422539565
1795.34882891813,1.001271684222108,0.024812330606488325,1.000027581936347,0.0050395500011096465,1.0012440679719574
1795.369662176086,1.0022883616791096,0.024812330606488325,1.0007343852516561,0.0050395500011096465,1.0015528360475618
1795.390495433111,1.0045980588756882,0.024812330606488325,1.0030316072758791,0.0050395500011096465,1.0015617170869255
1795.4113286896695,1.0048200793288036,0.024812330606488325,1.0028656728974197,0.0050395500011096465,1.0019488217457253
1795.432161945762,1.0011264861953741,0.024812330606488325,0.9991934413350348,0.0050395500011096465,1.0019346052329532
1795.452995200925,1.0026829595260867,0.024812330606488325,1.0005693311536832,0.0050395500011096465,1.002112425702641
1795.473828455621,0.9975175797746285,0.024812330606488325,0.9958676177698215,0.0050395500011096465,1.001656808571105
1795.49466170892,1.001306636605675,0.024812330606488325,0.9993029014118017,0.0050395500011096465,1.0020051329692354
1795.515494962219,0.991725460095337,0.024812330606488325,0.9895834308277711,0.0050395500011096465,1.002164576730811
1795.536328214587,1.0045401689904054,0.024812330606488325,1.0021158113128987,0.0050395500011096465,1.0024192390242106
1795.5571614660234,1.0066686235146967,0.024812330606488325,1.00391736215851,0.0050395500011096465,1.0027405257244193
1795.577994716994,0.9985594520747844,0.024812330606488325,0.9957683262838064,0.0050395500011096465,1.0028029871178916
1795.598827967034,0.9990416493330757,0.024812330606488325,0.9961997073289799,0.0050395500011096465,1.0028527834160037
1795.619661216608,1.0066113161691403,0.024812330606488325,1.003994547141343,0.0050395500011096465,1.0026063578086635
1795.6404944652504,1.0053408698439499,0.024812330606488325,1.0024808723901037,0.0050395500011096465,1.0028529197240714
1795.6613277134277,1.010318380533736,0.024812330606488325,1.0073878631805748,0.0050395500011096465,1.002909025868059
1795.682160960673,1.00442628247395,0.024812330606488325,1.001506263039626,0.0050395500011096465,1.002915627732034
1795.702994207454,1.0050247692250671,0.024812330606488325,1.0022922374080585,0.0050395500011096465,1.002726282530208
1795.7238274533024,0.9968133620632217,0.024812330606488325,0.9943048369849797,0.0050395500011096465,1.0025228933672379
1795.744660698219,1.0074225755552204,0.024812330606488325,1.0050492007138792,0.0050395500011096465,1.0023614513992505
1795.7654939426711,0.9982404387572709,0.024812330606488325,0.995972234852837,0.0050395500011096465,1.0022773766427022
1795.7863271866574,1.0075028932199586,0.024812330606488325,1.0049587190705909,0.0050395500011096465,1.0025316205542458
1795.8071604297115,0.9957423627767601,0.024812330606488325,0.9931422045725415,0.0050395500011096465,1.0026181126854212
1795.827993672301,1.010694701196806,0.024812330606488325,1.007736056194801,0.0050395500011096465,1.0029359324634832
1795.8488269139589,0.999759629545512,0.024812330606488325,0.9969075275236016,0.0050395500011096465,1.0028609494292768
1795.8696601546856,1.0036544173368482,0.024812330606488325,1.0007079128142378,0.0050395500011096465,1.00294442012987
1795.890493394946,1.0037898578231699,0.024812330606488325,1.0007301835148215,0.0050395500011096465,1.0030574418147378
1795.911326634741,1.003607522888896,0.024812330606488325,1.000895931162785,0.0050395500011096465,1.0027091645012094
1795.932159873605,0.9991653662074094,0.024812330606488325,0.9964962001227495,0.0050395500011096465,1.0026785511919976
1795.9529931115376,1.0004444049935597,0.024812330606488325,0.9977878817023111,0.0050395500011096465,1.0026624128634598
1795.973826349004,1.004577451532877,0.024812330606488325,1.0021765801495688,0.0050395500011096465,1.0023956570437416
1795.9946595860051,1.005728622849145,0.024812330606488325,1.0035728130828725,0.0050395500011096465,1.0021481348818628
1796.015492822075,1.0012212217183334,0.024812330606488325,0.9995166865896451,0.0050395500011096465,1.0017053593517324
1796.036326057214,0.9983234506682422,0.024812330606488325,0.996913795665493,0.0050395500011096465,1.0014140189541747
1796.0571592918864,0.9962150209470363,0.024812330606488325,0.9951881672937252,0.0050395500011096465,1.001031818591758
1796.077992526093,1.0012239159645668,0.024812330606488325,1.0001545859004157,0.0050395500011096465,1.0010691647863499
1796.098825759369,1.0029965115336676,0.024812330606488325,1.0023627995114726,0.0050395500011096465,1.0006322182173002
1796.11965899218,1.0106002569437096,0.024812330606488325,1.0099518968896346,0.0050395500011096465,1.0006419712226609
1796.1404922240586,1.0040769770906786,0.024812330606488325,1.003436760941264,0.0050395500011096465,1.0006380234154606
1796.161325455005,1.0046073795113062,0.024812330606488325,1.003760367395971,0.0050395500011096465,1.000843838970782
1796.1821586854876,1.0001753444575605,0.024812330606488325,0.9994770783124365,0.0050395500011096465,1.0006986314746737
1796.202991915504,1.0018497820828112,0.024812330606488325,1.0009440346649714,0.0050395500011096465,1.0009048931673217
1796.223825144589,1.0075382096908543,0.024812330606488325,1.0068765145980039,0.0050395500011096465,1.0006571760124077
1796.2446583732085,0.9969322001673491,0.024812330606488325,0.9962117059929119,0.0050395500011096465,1.0007232339974554
1796.265491600896,0.9973500267859048,0.024812330606488325,0.9965728484138934,0.0050395500011096465,1.0007798510397392
1796.286324828118,0.9985296697312868,0.024812330606488325,0.9978279503193754,0.0050395500011096465,1.000703246899114
1796.3071580544097,0.989526882351515,0.024812330606488325,0.9889950785026771,0.0050395500011096465,1.0005377214309732
1796.3279912802343,1.0001976266020844,0.024812330606488325,0.9996183460980209,0.0050395500011096465,1.0005795016731382
1796.348824505128,0.9960805270877696,0.024812330606488325,0.9957888097085613,0.0050395500011096465,1.0002929510518337
1796.369657729557,0.9977947958667933,0.024812330606488325,0.9976267465104374,0.0050395500011096465,1.0001684491288387
1796.390490953054,0.9955142984739862,0.024812330606488325,0.9954432935203571,0.0050395500011096465,1.0000713299834267
1796.411324176086,0.9983211205093377,0.024812330606488325,0.9979414001688839,0.0050395500011096465,1.0003805036451936
1796.4321573986508,0.9929310988759968,0.024812330606488325,0.9928354923716967,0.0050395500011096465,1.0000962964207412
1796.452990620285,0.9984669010757979,0.024812330606488325,0.9988192362938136,0.0050395500011096465,0.999647248265539
1796.473823840988,1.0070936590623631,0.024812330606488325,1.007867046111576,0.0050395500011096465,0.9992326497307391
1796.494657061226,1.0012783106114926,0.024812330606488325,1.0025699890947426,0.0050395500011096465,0.9987116326069004
1796.515490280998,1.0013825852224671,0.024812330606488325,1.0027917692607995,0.0050395500011096465,0.9985947391257797
1796.5363234998376,1.0040687487170472,0.024812330606488325,1.0052268772886384,0.0050395500011096465,0.9988478933484997
1796.5571567177465,0.9984935522682677,0.024812330606488325,0.999871968645695,0.0050395500011096465,0.9986214071194591
1796.577989935656,1.0062712586040208,0.024812330606488325,1.007618838363992,0.0050395500011096465,0.998662609601306
1796.598823152168,1.0053447291696356,0.024812330606488325,1.0063852168810228,0.0050395500011096465,0.9989661138757465
1796.6196563686806,0.9973133267831595,0.024812330606488325,0.9984317479881316,0.0050395500011096465,0.9988798220737414
1796.640489584261,0.9964208031052862,0.024812330606488325,0.9975956818367271,0.0050395500011096465,0.9988222896782415
1796.66132279891,1.0094752270976508,0.024812330606488325,1.0101342363592463,0.0050395500011096465,0.9993476022909878
1796.6821560130938,1.0006235359593398,0.024812330606488325,1.0013592137269114,0.0050395500011096465,0.999265320818457
1796.702989226347,0.9968601108762424,0.024812330606488325,0.9974645297357837,0.0050395500011096465,0.9993940447589635
1796.723822439134,0.9953495125489615,0.024812330606488325,0.9957789129219285,0.0050395500011096465,0.9995687794073616
1796.744655651455,1.003173749245338,0.024812330606488325,1.0033753488872534,0.0050395500011096465,0.9997990785381173
1796.7654888628444,0.9931290167479444,0.024812330606488325,0.9934324107967671,0.0050395500011096465,0.9996946002108191
1796.786322070043,0.9902218522447696,0.024812330606488325,0.9902295930727488,0.0050395500011096465,0.9999921827947443
1796.807155280502,0.9930661752749897,0.024812330606488325,0.9930843229444957,0.0050395500011096465,0.9999817259530871
1796.827988489564,0.9919668499943458,0.024812330606488325,0.9923981379520418,0.0050395500011096465,0.9995654083364304
1796.8488216986254,1.009363015382908,0.024812330606488325,1.009845309076336,0.0050395500011096465,0.9995224083440373
1796.8696549067554,1.0039213661663402,0.024812330606488325,1.0046934625112585,0.0050395500011096465,0.999231510531592
1796.8904881139545,0.9994450580934101,0.024812330606488325,1.0002580004035846,0.0050395500011096465,0.9991872673751707
1796.9113213206886,1.0056332319689938,0.024812330606488325,1.00648117645956,0.0050395500011096465,0.9991575157982099
1796.932154526956,1.0014763741183716,0.024812330606488325,1.0028258900328995,0.0050395500011096465,0.9986542869226446
1796.952987732293,0.994706097421468,0.024812330606488325,0.9960288590223676,0.0050395500011096465,0.9986719645832371
1796.973820937164,0.9977452071726077,0.024812330606488325,0.999035412616651,0.0050395500011096465,0.9987085488384602
1796.9946541415684,1.0066989155804547,0.024812330606488325,1.0078570559292725,0.0050395500011096465,0.9988508882861865
1797.015487345041,0.9988588774940075,0.024812330606488325,1.000398704924629,0.0050395500011096465,0.9984607862614762
1797.036320547584,0.998445274288466,0.024812330606488325,1.0000009537097794,0.0050395500011096465,0.9984443220623519
1797.057153749661,0.9994438930139579,0.024812330606488325,1.0008185239673888,0.0050395500011096465,0.9986264932947267
1797.077986951272,1.0000219180571952,0.024812330606488325,1.0014170566854728,0.0050395500011096465,0.9986068355646994
1797.098820151952,0.9956301510620172,0.024812330606488325,0.9974671865764697,0.0050395500011096465,0.9981582998025653
1797.1196533521656,1.001077989763175,0.024812330606488325,1.002650371073605,0.0050395500011096465,0.9984317750675678
1797.140486551913,0.9982346133600097,0.024812330606488325,0.9994859538513224,0.0050395500011096465,0.9987480159310985
1797.16131975073,0.9981425720832837,0.024812330606488325,0.9994302529388678,0.0050395500011096465,0.9987115850737982
1797.1821529486165,1.000487804203155,0.024812330606488325,1.0017961088599536,0.0050395500011096465,0.998694040987754
1797.202986146037,0.9988202114196865,0.024812330606488325,1.0003296077599086,0.0050395500011096465,0.9984911010045956
1797.223819342991,1.0074663388521448,0.024812330606488325,1.0090824980309263,0.0050395500011096465,0.9983983874639236
1797.24465253948,0.998075725649712,0.024812330606488325,0.9996520971845734,0.0050395500011096465,0.9984230798501789
1797.2654857350376,0.9973936444478976,0.024812330606488325,0.9992583989282087,0.0050395500011096465,0.9981338615894435
1797.2863189296631,1.0038119215152967,0.024812330606488325,1.0057327826762223,0.0050395500011096465,0.998090087949789
1797.307152123823,0.9948274113194313,0.024812330606488325,0.9966642440696675,0.0050395500011096465,0.9981570195166871
1797.327985317518,0.9930894768640343,0.024812330606488325,0.9946467260021747,0.0050395500011096465,0.9984343696134208
1797.348818510748,0.9955035943065189,0.024812330606488325,0.9971531359053137,0.0050395500011096465,0.9983457489733538
1797.369651703046,1.0002713906949037,0.024812330606488325,1.001804765472817,0.0050395500011096465,0.998469387618465
1797.390484894412,0.9990917477495216,0.024812330606488325,1.0006292370614667,0.0050395500011096465,0.9984634775249419
1797.4113180853124,0.9948086244132641,0.024812330606488325,0.9962663621670182,0.0050395500011096465,0.9985367991843233
1797.432151275747,0.9958552298486948,0.024812330606488325,0.9970248609805606,0.0050395500011096465,0.998826878669088
1797.452984465717,1.000542854207273,0.024812330606488325,1.0017622614977015,0.0050395500011096465,0.998782737843802
1797.473817654755,1.0018842975615834,0.024812330606488325,1.0029714340450262,0.0050395500011096465,0.9989160843005683
1797.494650842862,0.9964955138251606,0.024812330606488325,0.9976615164557313,0.0050395500011096465,0.9988312643002277
1797.515484030504,0.993209115960285,0.024812330606488325,0.9943636961431873,0.0050395500011096465,0.998838875365844
1797.536317217679,0.994775929371136,0.024812330606488325,0.9957518169322392,0.0050395500011096465,0.9990199490028451
1797.557150404389,1.0006795325905127,0.024812330606488325,1.0013593966172205,0.0050395500011096465,0.9993210589234948
1797.5779835901676,0.9999456053530741,0.024812330606488325,1.0010369150471885,0.0050395500011096465,0.9989098207291757
1797.59881677548,0.9944872809368462,0.024812330606488325,0.9952974231675903,0.0050395500011096465,0.9991860300128521
1797.6196499598616,1.0060488012461106,0.024812330606488325,1.0065468460882756,0.0050395500011096465,0.9995051945728104
1797.640483143778,0.9977368331640448,0.024812330606488325,0.9986497320578459,0.0050395500011096465,0.999085866781419
1797.661316326762,1.0029981135179145,0.024812330606488325,1.0035082051399722,0.0050395500011096465,0.9994916916279856
1797.682149509747,1.000119930366114,0.024812330606488325,1.0003588243399113,0.0050395500011096465,0.9997611917164273
1797.702982691335,1.0008462117696473,0.024812330606488325,1.0011227988552571,0.0050395500011096465,0.9997237231177573
1797.723815872923,1.0083444446717968,0.024812330606488325,1.008366616396735,0.0050395500011096465,0.9999780122382299
1797.7446490535783,1.000847522484031,0.024812330606488325,1.000948001516303,0.0050395500011096465,0.9998996161317871
1797.7654822337686,1.0020905894420937,0.024812330606488325,1.002013906151899,0.0050395500011096465,1.0000765291676332
1797.786315413028,0.9935977427750693,0.024812330606488325,0.9934811813401399,0.0050395500011096465,1.0001173262635656
1797.807148591822,1.0038050766735147,0.024812330606488325,1.0038314800798465,0.0050395500011096465,0.9999736973716647
1797.82798177015,0.9963903654045969,0.024812330606488325,0.9967173386062477,0.0050395500011096465,0.9996719499210197
1797.848814947547,0.9982960713011149,0.024812330606488325,0.9986674264973803,0.0050395500011096465,0.9996281492853253
1797.869648124478,1.0050777075226778,0.024812330606488325,1.0054408012493574,0.0050395500011096465,0.9996388711038696
1797.890481300478,1.0100343195997896,0.024812330606488325,1.0104322284036038,0.0050395500011096465,0.9996061994138461
1797.911314476012,0.9981960201031547,0.024812330606488325,0.9986032226374979,0.0050395500011096465,0.9995922278988167
1797.9321476510804,1.0016872534992252,0.024812330606488325,1.002265435227491,0.0050395500011096465,0.9994231251443542
1797.9529808256823,1.0049974626754055,0.024812330606488325,1.0051209957899283,0.0050395500011096465,0.9998770962749357
1797.973813999353,0.9920758577405949,0.024812330606488325,0.992428404725798,0.0050395500011096465,0.9996447633063259
1797.9946471725589,1.0052025894764636,0.024812330606488325,1.005375173936589,0.0050395500011096465,0.9998283382516302
1798.015480344834,1.0011066798446862,0.024812330606488325,1.001526863154993,0.0050395500011096465,0.9995804572740233
1798.036313516643,0.9939826558990995,0.024812330606488325,0.9945525273763443,0.0050395500011096465,0.9994270071599455
1798.057146687986,1.0103744499823746,0.024812330606488325,1.0112480388427243,0.0050395500011096465,0.9991361280054007
1798.077979858398,0.9971833476067703,0.024812330606488325,0.9981821036964896,0.0050395500011096465,0.9989994249686297
1798.098813028344,1.0011032574237952,0.024812330606488325,1.0021171147581984,0.0050395500011096465,0.9989882845832367
1798.119646197825,0.9984214629771611,0.024812330606488325,0.9996576566016826,0.0050395500011096465,0.9987633830278217
1798.14047936684,0.9957947913521104,0.024812330606488325,0.9970613797604563,0.0050395500011096465,0.9987296785994758
1798.1613125349231,0.9928810004595511,0.024812330606488325,0.9943931852668899,0.0050395500011096465,0.9984792888469635
1798.1821457020746,0.9950118579602124,0.024812330606488325,0.9963971755655413,0.0050395500011096465,0.9986096732916343
1798.202978869226,0.9937671162004371,0.024812330606488325,0.9950882351767053,0.0050395500011096465,0.9986723599681252
1798.223812035447,0.993424801293879,0.024812330606488325,0.9950875907073873,0.0050395500011096465,0.998329001960193
1798.244645201203,1.000381563520605,0.024812330606488325,1.0020755631281522,0.0050395500011096465,0.9983095091130064
1798.2654783660264,0.9925844877389587,0.024812330606488325,0.9941075746943171,0.0050395500011096465,0.9984678851724605
1798.2863115303849,1.0061764502635955,0.024812330606488325,1.0077428552161627,0.0050395500011096465,0.9984456303069188
1798.3071446942774,1.0010088859881647,0.024812330606488325,1.0027518129236892,0.0050395500011096465,0.9982618561112917
1798.3279778572391,1.0015277832492013,0.024812330606488325,1.0029475234492071,0.0050395500011096465,0.9985844322192219
1798.3488110197345,0.9976281166876587,0.024812330606488325,0.9994822983446637,0.0050395500011096465,0.998144857932876
1798.3696441817644,0.9966206142313435,0.024812330606488325,0.998527905782777,0.0050395500011096465,0.9980898965963918
1798.390477343329,0.9857231163923839,0.024812330606488325,0.9871599188094685,0.0050395500011096465,0.9985445089597869
1798.411310503962,1.0019421146294003,0.024812330606488325,1.0033978058842283,0.0050395500011096465,0.9985492381523146
1798.432143664129,1.0006252107610525,0.024812330606488325,1.001815097864543,0.0050395500011096465,0.9988122687449742
1798.4529768238317,0.9980002867551802,0.024812330606488325,0.9991681896364748,0.0050395500011096465,0.9988311248362305
1798.4738099826025,0.9909231572575457,0.024812330606488325,0.9924136767012932,0.0050395500011096465,0.9984980865552943
1798.536309455653,0.9795262772383743,0.024812330606488325,0.9801573627507281,0.0050395500011096465,0.9993561385790312
1798.557142612095,0.9976860065729414,0.024812330606488325,0.9976449446816105,0.0050395500011096465,1.000041158822635
1798.5779757680712,1.0025627378901096,0.024812330606488325,1.0025274284668046,0.0050395500011096465,1.0000352204062477
1798.598808923582,1.0013230933529378,0.024812330606488325,1.0013022260900883,0.0050395500011096465,1.0000208401242958
1798.619642078161,1.0010575280552954,0.024812330606488325,1.0010392920602327,0.0050395500011096465,1.0000182170622145
1798.640475232275,0.9997082932321482,0.024812330606488325,0.9999128844435996,0.0050395500011096465,0.9997953909639186
1798.661308385923,0.9990736890180121,0.024812330606488325,0.9994131288568672,0.0050395500011096465,0.9996603608367209
1798.68214153864,0.994881296244097,0.024812330606488325,0.9957873372816286,0.0050395500011096465,0.9990901259700641
1798.702974690891,0.9999282747962221,0.024812330606488325,1.0008064876290823,0.0050395500011096465,0.9991224948641763
1798.7238078426765,1.0040843316547208,0.024812330606488325,1.0048753086978979,0.0050395500011096465,0.9992128605048501
1798.744640993996,0.9989447292861434,0.024812330606488325,0.9991158085513261,0.0050395500011096465,0.9998287693341268
1798.765474144385,1.000538557976793,0.024812330606488325,1.0015037775187408,0.0050395500011096465,0.9990362297540812
1798.786307294308,1.0033426129484455,0.024812330606488325,1.004553063973349,0.0050395500011096465,0.9987950352566585
1798.807140443765,0.9922865186690512,0.024812330606488325,0.9936847947858406,0.0050395500011096465,0.9985928373623844
1798.827973592756,0.9917657281539046,0.024812330606488325,0.9929579482423426,0.0050395500011096465,0.9987993246939124
1798.848806740816,1.00364029074849,0.024812330606488325,1.0048959486266138,0.0050395500011096465,0.9987504598064706
1798.869639888411,1.0037537403601509,0.024812330606488325,1.0050095401754806,0.0050395500011096465,0.9987504598064706
1798.89047303554,1.0023276102931566,0.024812330606488325,1.0037846641493866,0.0050395500011096465,0.9985484398115759
1798.9113061822031,0.9956423843962658,0.024812330606488325,0.9972394349672601,0.0050395500011096465,0.998398528462679
1798.9321393279351,1.0025251640777753,0.024812330606488325,1.0044884185438079,0.0050395500011096465,0.9980455180669193
1798.952972473201,0.99572947408532,0.024812330606488325,0.9976739271772888,0.0050395500011096465,0.9980510134233234
1798.9738056180015,0.9997201624790678,0.024812330606488325,1.001633898891212,0.0050395500011096465,0.998089385339032
1798.994638762336,0.9985672435436211,0.024812330606488325,1.0003219148298508,0.0050395500011096465,0.9982458933867022
1799.01547190574,0.9929576044335351,0.024812330606488325,0.9949263174572198,0.0050395500011096465,0.9980212474138626
1799.036305048678,0.9983002947141292,0.024812330606488325,1.0003361695235493,0.0050395500011096465,0.9979648093596478
1799.0571381911495,0.9985732145758138,0.024812330606488325,1.000456667117062,0.0050395500011096465,0.9981174071769888
1799.077971333155,1.0014588251091225,0.024812330606488325,1.003755228040229,0.0050395500011096465,0.9977121883234519
1799.09880447423,0.9913821985617239,0.024812330606488325,0.9934514076162805,0.0050395500011096465,0.9979171512177717
1799.1196376153057,0.9954175968794512,0.024812330606488325,0.9973058549820613,0.0050395500011096465,0.9981066409134397
1799.14047075545,0.989564528981315,0.024812330606488325,0.9916963988647366,0.0050395500011096465,0.9978502796966268
1799.161303895128,0.9977471004267177,0.024812330606488325,0.99978084934806,0.0050395500011096465,0.9979658052835594
1799.182137033875,0.9964992275159145,0.024812330606488325,0.9983102732006999,0.0050395500011096465,0.9981858889631787
1799.223803310437,0.9931769306404172,0.024812330606488325,0.9956547750112114,0.0050395500011096465,0.9975113418496223
1799.244636447787,0.9948317803673774,0.024812330606488325,0.9979069589561355,0.0050395500011096465,0.9969183714361759
1799.265469584672,0.9924810141201076,0.024812330606488325,0.9955260384698624,0.0050395500011096465,0.996941291104314
1799.28630272109,1.003267975046037,0.024812330606488325,1.0062919291607764,0.0050395500011096465,0.9969949534254325
1799.3071358565771,1.0096994320747392,0.024812330606488325,1.0125321015428488,0.0050395500011096465,0.9972023904587387
1799.327968992065,1.0089416935259958,0.024812330606488325,1.0120358117184833,0.0050395500011096465,0.996942679145678
1799.348802126621,0.9928925056191418,0.024812330606488325,0.996321091663642,0.0050395500011096465,0.996558753926633
1799.369635260711,0.9911598140212797,0.024812330606488325,0.9940379583736659,0.0050395500011096465,0.9971045931112177
1799.390468394336,1.0032719071891882,0.024812330606488325,1.0063680417165868,0.0050395500011096465,0.9969234570265989
1799.411301527495,0.9930184798349141,0.024812330606488325,0.9961386748602555,0.0050395500011096465,0.9968677101852519
1799.432134659722,1.0046571866578888,0.024812330606488325,1.008478672971699,0.0050395500011096465,0.9962106424099685
1799.45296779195,1.007049458860644,0.024812330606488325,1.010526462516109,0.0050395500011096465,0.9965592156322085
1799.4738009232465,0.9976908853431478,0.024812330606488325,1.0007277490051112,0.0050395500011096465,0.9969653448053353
1799.4946340540769,0.9956771183274352,0.024812330606488325,0.998072796418405,0.0050395500011096465,0.9975996960346313
1799.515467184442,0.9979067891291388,0.024812330606488325,1.0005027496356802,0.0050395500011096465,0.9974053439558395
1799.536300314342,0.9918772116939898,0.024812330606488325,0.9940765872676481,0.0050395500011096465,0.997787518988146
1799.557133443777,0.9979406492507192,0.024812330606488325,1.0001534698116172,0.0050395500011096465,0.997787518988146
1799.577966572279,0.9871820143189721,0.024812330606488325,0.9888765959295118,0.0050395500011096465,0.9982863568442057
1799.5987997007817,0.9961268389959957,0.024812330606488325,0.9975764861065036,0.0050395500011096465,0.9985468311145085
1799.6196328283525,1.005955085167672,0.024812330606488325,1.006944478264215,0.0050395500011096465,0.9990174303371239
1799.6404659559234,1.000938034593976,0.024812330606488325,1.0022792600563095,0.0050395500011096465,0.9986618245874327
1803.473763858863,0.9959871750966597,0.024812330606488325,0.9982663435203957,0.0050395500011096465,0.9977168734190732
1803.494596981778,0.993958990222726,0.024812330606488325,0.9962787001396345,0.0050395500011096465,0.9976716255034025
1803.5154301023645,1.0008723532398567,0.024812330606488325,1.00336580781145,0.0050395500011096465,0.9975149097645333
1803.5362632201573,0.9917802916470575,0.024812330606488325,0.9946047499192021,0.0050395500011096465,0.9971602204067755
1803.557096336087,1.0022891626712331,0.024812330606488325,1.0056176513601487,0.0050395500011096465,0.9966901051464108
1803.5779294492231,1.0005482426997396,0.024812330606488325,1.0039979305197388,0.0050395500011096465,0.9965640488738722
1803.59876256003,1.005144918043578,0.024812330606488325,1.0085730559174548,0.0050395500011096465,0.9966010019266692
1803.61959566851,0.9961089987168834,0.024812330606488325,0.9997703819797338,0.0050395500011096465,0.9963377758244847
1803.640428775127,0.9952303831749711,0.024812330606488325,0.9990610594962039,0.0050395500011096465,0.9961657235212786
1803.661261879415,1.009482654479159,0.024812330606488325,1.0131192559804925,0.0050395500011096465,0.9964104901966216
1803.6820949813757,0.9990029104412891,0.024812330606488325,1.002348353090957,0.0050395500011096465,0.9966623952248223
1803.7029280814727,0.9976605932773898,0.024812330606488325,1.0011106501154972,0.0050395500011096465,0.996553770716844
1803.723761179242,1.000206728785305,0.024812330606488325,1.0038340660689633,0.0050395500011096465,0.9963865170487158
1803.7445942751483,0.9934880068541624,0.024812330606488325,0.9972503897312895,0.0050395500011096465,0.9962272435128946
1803.765427369193,1.000734145689836,0.024812330606488325,1.0046212352122896,0.0050395500011096465,0.9961307910024096
1803.786260460908,0.995378712352733,0.024812330606488325,0.9994435391939557,0.0050395500011096465,0.995932909982588
1803.807093551226,0.9954813849794607,0.024812330606488325,0.9996130027625157,0.0050395500011096465,0.9958667826732576
1803.8279266392165,0.9973957561544048,0.024812330606488325,1.001492494760735,0.0050395500011096465,0.9959093666425238
1803.848759725345,0.9938558078737381,0.024812330606488325,0.9975667051541793,0.0050395500011096465,0.9962800509867982
1803.869592809609,0.9942774210005134,0.024812330606488325,0.998016969112699,0.0050395500011096465,0.9962530215137422
1803.8904258924772,0.9938461959682571,0.024812330606488325,0.9971032949617138,0.0050395500011096465,0.9967334387420896
1803.911258973017,0.9955697853828986,0.024812330606488325,0.9993944519183127,0.0050395500011096465,0.9961730160417914
1803.93209205216,0.9966822906248459,0.024812330606488325,1.0004722033509037,0.0050395500011096465,0.9962118760387703
1803.95292512944,0.9923704772070774,0.024812330606488325,0.9961792550919322,0.0050395500011096465,0.9961766139322955
1803.9737582048576,0.9943552628714156,0.024812330606488325,0.9983894614188814,0.0050395500011096465,0.9959592937392062
1803.994591278878,1.0026565996034797,0.024812330606488325,1.006802734009483,0.0050395500011096465,0.9958818800685099
1804.015424351036,1.0002625069640805,0.024812330606488325,1.004331903936953,0.0050395500011096465,0.9959481552294411
1804.036257421797,0.9886829279233064,0.024812330606488325,0.9929156698182297,0.0050395500011096465,0.99573705801652
1804.0570904906945,0.9888707241675125,0.024812330606488325,0.9929302282452046,0.0050395500011096465,0.9959115918095611
1804.077923558196,0.9923527825628966,0.024812330606488325,0.9964587007960785,0.0050395500011096465,0.9958794898073532
1804.098756623835,0.9911884312853251,0.024812330606488325,0.9952888984951396,0.0050395500011096465,0.9958801236344399
1804.119589688542,0.9925255784091553,0.024812330606488325,0.9971744600421126,0.0050395500011096465,0.9953379455458968
1804.1404227509208,0.9953202399277243,0.024812330606488325,1.0002880506083813,0.0050395500011096465,0.9950336198881556
1804.1612558123688,1.0137258010267116,0.024812330606488325,1.0188115797786887,0.0050395500011096465,0.9950081262787748
1804.182088871953,1.0033818615624923,0.024812330606488325,1.0083524592123956,0.0050395500011096465,0.9950705751699304
1804.2029219306069,1.0068872215469211,0.024812330606488325,1.0114400866444775,0.0050395500011096465,0.9954986309543448
1804.223754987398,0.9989355542854571,0.024812330606488325,1.003111364315684,0.0050395500011096465,0.9958371421371789
1804.244588042792,0.9926618927050662,0.024812330606488325,0.9964632123822394,0.0050395500011096465,0.9961851881434886
1804.2654210963235,1.0044322535061427,0.024812330606488325,1.008138786405604,0.0050395500011096465,0.9963233902420554
1804.2862541489235,1.0002831871243576,0.024812330606488325,1.0038321065251876,0.0050395500011096465,0.9964646285192901
1804.307087200126,0.9924717663019555,0.024812330606488325,0.9958429007590465,0.0050395500011096465,0.9966147929010476
1804.3279202499325,0.993747382667215,0.024812330606488325,0.9970793131448528,0.0050395500011096465,0.996658309490818
1804.348753298342,1.00791270991728,0.024812330606488325,1.011742614104038,0.0050395500011096465,0.9962145469278769
1804.369586345354,0.9960220546627608,0.024812330606488325,1.0002847055741297,0.0050395500011096465,0.9957385623436856
1804.3904193909689,1.0053051164682596,0.024812330606488325,1.0096102813770522,0.0050395500011096465,0.9957358151078646
1804.411252435653,0.9993648132461379,0.024812330606488325,1.0033820965298024,0.0050395500011096465,0.9959962577590747
1804.432085478474,0.9935004586408082,0.024812330606488325,0.9970675789790574,0.0050395500011096465,0.9964223885988733
1804.4529185203637,0.9913403285189095,0.024812330606488325,0.9948977779064918,0.0050395500011096465,0.9964243066307094
1804.473751560857,0.9897125668892138,0.024812330606488325,0.9931197964003741,0.0050395500011096465,0.9965691656499951
1804.494584599953,0.9943269368772332,0.024812330606488325,0.9978025919285944,0.0050395500011096465,0.9965166906966604
1804.515417637652,0.9986939459340511,0.024812330606488325,1.001903707857018,0.0050395500011096465,0.9967963369156181
1804.536250674419,0.996087517564483,0.024812330606488325,0.9993089322423113,0.0050395500011096465,0.9967763575668238
1804.55708370979,1.00188109359309,0.024812330606488325,1.0051179717922911,0.0050395500011096465,0.9967796036982314
1804.577916743764,0.9975114631075044,0.024812330606488325,1.0009721410401586,0.0050395500011096465,0.9965426830670251
1804.598749776806,0.9976070724400529,0.024812330606488325,1.0008986211235982,0.0050395500011096465,0.9967114065160263
1804.619582808451,0.9994970497639658,0.024812330606488325,1.0028128892495218,0.0050395500011096465,0.9966934614412091
1804.6404158391647,0.996116571733323,0.024812330606488325,0.9994899043045725,0.0050395500011096465,0.9966249458281456
1804.661248868482,0.9952161837691471,0.024812330606488325,0.9985283361458019,0.0050395500011096465,0.996682966064399
1804.6820818968688,0.9934129320469594,0.024812330606488325,0.9966352082748319,0.0050395500011096465,0.9967668448785285
1804.7029149233924,0.9902897909403277,0.024812330606488325,0.9938552934696099,0.0050395500011096465,0.9964124530475309
1804.72374794945,0.988213400904058,0.024812330606488325,0.9918833848911831,0.0050395500011096465,0.9962999844104378
1804.744580974111,0.9959918354144687,0.024812330606488325,0.9999052231608505,0.0050395500011096465,0.9960862413199413
1804.765413997374,1.0030181383209997,0.024812330606488325,1.007089110140714,0.0050395500011096465,0.9959576845993842
1804.786247019706,0.9862713590921236,0.024812330606488325,0.9899170625439462,0.0050395500011096465,0.9963171627303264
1804.807080041107,0.9955239103794671,0.024812330606488325,0.9988879445833618,0.0050395500011096465,0.9966322206388246
1804.82791306111,0.9943497287440174,0.024812330606488325,0.9975419464110925,0.0050395500011096465,0.9967999163558385
1804.848746080183,1.003803401871802,0.024812330606488325,1.0066275908712834,0.0050395500011096465,0.9971944053341147
1804.8695790978584,1.0023079495774,0.024812330606488325,1.005435117295252,0.0050395500011096465,0.9968897369267701
1804.890412114603,1.006768310625328,0.024812330606488325,1.0098826884174636,0.0050395500011096465,0.9969160994362464
1804.911245130416,0.9949092581509505,0.024812330606488325,0.9981962513041434,0.0050395500011096465,0.9967070672236062
1804.932078144831,0.9964569933857711,0.024812330606488325,0.9998550088206691,0.0050395500011096465,0.9966014918113917
1804.952911158316,1.002277730329108,0.024812330606488325,1.0057195926786056,0.0050395500011096465,0.9965777117453477
1804.973744170869,1.0092358760876836,0.024812330606488325,1.012975790956895,0.0050395500011096465,0.9963079918566676
1804.994577182025,0.9988075411806434,0.024812330606488325,1.0023409819614904,0.0050395500011096465,0.9964748116215579
1805.0154101922503,0.9950404752242578,0.024812330606488325,0.9984749111650912,0.0050395500011096465,0.996560318238917
1805.036243201544,0.9913201580808928,0.024812330606488325,0.9945073483982727,0.0050395500011096465,0.9967952068705042
1805.057076209441,0.994377035293679,0.024812330606488325,0.9973372581484632,0.0050395500011096465,0.9970318737913394
1805.077909216872,0.99585668619801,0.024812330606488325,0.9985352802126175,0.0050395500011096465,0.9973174768406409
1805.0987422229052,0.9973452208331643,0.024812330606488325,1.0000498428660696,0.0050395500011096465,0.9972955127664896
1805.1195752280084,0.9994355918228608,0.024812330606488325,1.0025885893210875,0.0050395500011096465,0.9968551432443873
1805.140408231714,0.9978323696791277,0.024812330606488325,1.0011227459032737,0.0050395500011096465,0.9967133138892204
1805.1612412349543,0.9969049664351533,0.024812330606488325,1.0001624652189642,0.0050395500011096465,0.9967430303604747
1805.1820742367972,1.0009418939196615,0.024812330606488325,1.0042218078354965,0.0050395500011096465,0.9967338750361291
1805.202907237709,0.9933247500959189,0.024812330606488325,0.9965585631596183,0.0050395500011096465,0.9967550195410027
1805.2237402376893,0.9852605798498489,0.024812330606488325,0.9888730811471366,0.0050395500011096465,0.9963468504035958
1805.2445732367385,0.9967421465817042,0.024812330606488325,1.000263135027319,0.0050395500011096465,0.9964799378060467
1805.2654062343909,0.9961564757045619,0.024812330606488325,0.9995375035184767,0.0050395500011096465,0.9966174077490707
1805.286239231577,0.9972224505858857,0.024812330606488325,1.0005416279155066,0.0050395500011096465,0.9966826194562879
1805.3070722273665,0.9972113823310895,0.024812330606488325,1.0006495872144594,0.0050395500011096465,0.9965640270807077
1805.3279052222244,0.9788006511920329,0.024812330606488325,0.9820318605349445,0.0050395500011096465,0.996709669540506
1805.390404201212,0.9852385889751881,0.024812330606488325,0.9882994634713435,0.0050395500011096465,0.9969028876273957
1805.4112371923443,0.9996488013626188,0.024812330606488325,1.0026870358996687,0.0050395500011096465,0.9969699074304638
1805.4320701825457,0.9956259276490029,0.024812330606488325,0.9987903735867898,0.0050395500011096465,0.9968317216290112
1805.452903171816,0.9942378811166034,0.024812330606488325,0.9973366742912824,0.0050395500011096465,0.9968929316904134
1805.473736160155,0.9941297471799434,0.024812330606488325,0.9974959586008555,0.0050395500011096465,0.9966253382864491
1805.494569147097,0.9960340695446119,0.024812330606488325,0.999286475135174,0.0050395500011096465,0.9967452720801389
1805.515402133573,0.9924985631293568,0.024812330606488325,0.9959536959213688,0.0050395500011096465,0.9965308298908258
1805.536235119118,1.0009271119741114,0.024812330606488325,1.004426064929517,0.0050395500011096465,0.9965164653949407
1805.557068103266,0.9931385558359594,0.024812330606488325,0.9962299787896494,0.0050395500011096465,0.9968968782113485
1805.577901086948,0.9990160904025924,0.024812330606488325,1.0018705644727854,0.0050395500011096465,0.9971508554384018
1805.598734069234,1.0068355939636944,0.024812330606488325,1.0098183832628385,0.0050395500011096465,0.9970462121223161
1805.6195670510533,0.9975818775968984,0.024812330606488325,1.0004871363062438,0.0050395500011096465,0.9970961558585636
1805.640400031942,0.9978858176989986,0.024812330606488325,1.0006646616981358,0.0050395500011096465,0.9972230017652252
1805.6612330114333,0.9998236360979188,0.024812330606488325,1.002627768814669,0.0050395500011096465,0.9972032165834932
1805.682065990459,0.9932830256880358,0.024812330606488325,0.9961993435876225,0.0050395500011096465,0.9970725558911893
1805.702898968553,0.9968389209937052,0.024812330606488325,0.9999679128957487,0.0050395500011096465,0.9968709076944454
1805.723731945716,1.0019332308985769,0.024812330606488325,1.0048801269429337,0.0050395500011096465,0.9970674153410497
1805.744564921948,0.9958574143726677,0.024812330606488325,0.9985959825625973,0.0050395500011096465,0.9972575814065445
1805.765397896783,0.9917074741812932,0.024812330606488325,0.9946609808100051,0.0050395500011096465,0.9970306399007361
1805.786230871152,0.9985487479073171,0.024812330606488325,1.0013491826688614,0.0050395500011096465,0.9972033384457554
1805.807063845056,0.9940343562997921,0.024812330606488325,0.9964863170144966,0.0050395500011096465,0.9975393934940816
1805.8278968175616,1.0013391860128718,0.024812330606488325,1.0036381168935369,0.0050395500011096465,0.997709402580503
1805.8487297891372,0.9929034282390065,0.024812330606488325,0.995305379164785,0.0050395500011096465,0.9975867196379525
1805.869562759781,1.0053863079425869,0.024812330606488325,1.0078470009523386,0.0050395500011096465,0.9975584657121304
1805.890395729959,1.0011219715124966,0.024812330606488325,1.0034312454830832,0.0050395500011096465,0.9976986226201529
1805.91122869874,1.000888300264859,0.024812330606488325,1.002838623728432,0.0050395500011096465,0.9980551971000858
1805.9320616670557,0.9946981603176996,0.024812330606488325,0.9967498434440497,0.0050395500011096465,0.9979416268386249
1805.95289463444,0.9969863763618777,0.024812330606488325,0.9992184336778402,0.0050395500011096465,0.9977661968187006
1805.973727600893,0.9997083660496139,0.024812330606488325,1.0018513361677304,0.0050395500011096465,0.9978609899086288
1805.9945605664143,0.9968558874632281,0.024812330606488325,0.9991777501109305,0.0050395500011096465,0.9976762266299019
1806.015393531005,0.9946023325327539,0.024812330606488325,0.9967743426025851,0.0050395500011096465,0.9978209610972127
1806.0362264946637,0.9892162430425642,0.024812330606488325,0.9911888698341539,0.0050395500011096465,0.9980098376287057
1806.057059457857,1.0015909888094847,0.024812330606488325,1.0035754805559651,0.0050395500011096465,0.998022578485695
1806.077892419653,1.0072306287154658,0.024812330606488325,1.0095759404254656,0.0050395500011096465,0.9976769338332176
1806.098725380984,0.995084893878374,0.024812330606488325,0.997267771125929,0.0050395500011096465,0.9978111422922145
1806.119558341383,1.0094627024935394,0.024812330606488325,1.0116607385210978,0.0050395500011096465,0.9978272992675671
1806.140391300851,0.9975451047766875,0.024812330606488325,0.9996202729341486,0.0050395500011096465,0.9979240435456856
1806.161224259387,0.9984556143686045,0.024812330606488325,1.0001233551003632,0.0050395500011096465,0.9983324649671927
1806.1820572174584,0.9921992833450656,0.024812330606488325,0.9941833958895944,0.0050395500011096465,0.998004279137298
1806.202890174598,0.9906064740989367,0.024812330606488325,0.9925395513846038,0.0050395500011096465,0.9980523926900742
1806.223723130341,1.0068025348342373,0.024812330606488325,1.0089324390268881,0.0050395500011096465,0.9978889526094482
1806.2445560856183,1.0032791889357648,0.024812330606488325,1.0057656715901675,0.0050395500011096465,0.9975277714037789
1806.265389040431,0.9952092661098996,0.024812330606488325,0.9981031069973011,0.0050395500011096465,0.9971006593736519
1806.286221993845,1.0005604032165223,0.024812330606488325,1.0033447175662775,0.0050395500011096465,0.9972249673506939
1806.3070549467936,0.999819849589699,0.024812330606488325,1.0023540073838157,0.0050395500011096465,0.9974717936223642
1806.3278878988117,0.9886142610530906,0.024812330606488325,0.9910060385069919,0.0050395500011096465,0.9975865157617964
1806.3487208498973,1.0034822768477814,0.024812330606488325,1.006117702341258,0.0050395500011096465,0.997380599220803
1806.369553800052,0.9980580310055313,0.024812330606488325,1.000722406851199,0.0050395500011096465,0.9973375475282389
1806.3903867497413,0.9970728835112058,0.024812330606488325,0.9995898352246995,0.0050395500011096465,0.9974820154979589
1806.411219698034,0.9950385819701479,0.024812330606488325,0.9976812579942723,0.0050395500011096465,0.9973511820504304
1806.4320526463252,0.9985814429494453,0.024812330606488325,1.001215651321251,0.0050395500011096465,0.9973689900189541
1806.452885593221,0.992546695474227,0.024812330606488325,0.9951675610924291,0.0050395500011096465,0.997366407707939
1806.473718539185,1.0004230694760907,0.024812330606488325,1.002933711181168,0.0050395500011096465,0.9974967022475288
1806.4945514846831,1.0023403533496653,0.024812330606488325,1.0046229623098963,0.0050395500011096465,0.9977278948960289
1806.51538442925,0.9958198405603333,0.024812330606488325,0.9981680978407305,0.0050395500011096465,0.9976474330471221
1806.536217372885,0.9943961134697092,0.024812330606488325,0.9963421195818193,0.0050395500011096465,0.9980468494969109
1806.557050316055,0.9996242618766561,0.024812330606488325,1.0012959795293825,0.0050395500011096465,0.9983304460550095
1806.577883258293,0.9948207121125812,0.024812330606488325,0.9966659932656786,0.0050395500011096465,0.9981485460870886
1806.5987161996,0.9945619916567204,0.024812330606488325,0.9964245729687916,0.0050395500011096465,0.9981307352682786
1806.6195491399765,0.9968135805156192,0.024812330606488325,0.9983879458428855,0.0050395500011096465,0.9984230926126245
1806.6403820798864,1.0,0.024812330606488325,1.0016832415445487,0.0050395500011096465,0.9983195869964309
1806.6612150184,1.0021682856780643,0.024812330606488325,1.0039250531175556,0.0050395500011096465,0.9982501010070065
1806.682047956913,0.9909417985287814,0.024812330606488325,0.9927090349082637,0.0050395500011096465,0.9982197841287447
1806.7028808940292,0.9934109659753839,0.024812330606488325,0.995302208583899,0.0050395500011096465,0.9980998307928947
1806.72371383068,0.9959525868004218,0.024812330606488325,0.997790239407242,0.0050395500011096465,0.9981582776276585
1806.7445467663997,0.9994113436067612,0.024812330606488325,1.0010415105675332,0.0050395500011096465,0.99837152910887
1806.765379701187,1.0008424980788933,0.024812330606488325,1.0024165220559713,0.0050395500011096465,0.9984297705171004
1806.7862126355092,0.9950288244297355,0.024812330606488325,0.996530490343105,0.0050395500011096465,0.998493105903009
1806.807045568901,1.0061351627605073,0.024812330606488325,1.0075230969063198,0.0050395500011096465,0.9986224294509235
1806.82787850136,1.0032539212751446,0.024812330606488325,1.0045779552404381,0.0050395500011096465,0.9986819997807173
1806.8487114333536,0.9971085640694303,0.024812330606488325,0.9984337814910413,0.0050395500011096465,0.9986727037424235
1806.869544364417,1.0015669590457825,0.024812330606488325,1.0027722869058548,0.0050395500011096465,0.9987980044165446
1806.890377294549,0.999821742843809,0.024812330606488325,1.0007246863848522,0.0050395500011096465,0.9990977103359914
1806.911210223749,0.9984008556343498,0.024812330606488325,0.9993708205780157,0.0050395500011096465,0.9990294243901329
1806.9320431524836,1.0004097438798558,0.024812330606488325,1.0013680715965152,0.0050395500011096465,0.9990429815530951
1806.9528760802864,1.0031482631323205,0.024812330606488325,1.0040818017266586,0.0050395500011096465,0.9990702564345526
1806.973709007624,0.9977498674904167,0.024812330606488325,0.9987876606925099,0.0050395500011096465,0.9989609471132497
1806.99454193403,0.9983774084103736,0.024812330606488325,0.9994159062513837,0.0050395500011096465,0.9989608952243864
1807.0153748595048,0.9956088155445483,0.024812330606488325,0.9970368382227698,0.0050395500011096465,0.9985677332837902
1807.036207784048,0.9993730416197691,0.024812330606488325,1.0006552180733899,0.0050395500011096465,0.9987186631014734
1807.057040708126,0.9992889374468114,0.024812330606488325,1.0002242991757706,0.0050395500011096465,0.9990648480248581
1807.0778736312725,1.0026202636880635,0.024812330606488325,1.0036058343364813,0.0050395500011096465,0.9990179703876776
1807.0987065539532,0.996568258473459,0.024812330606488325,0.997552572261372,0.0050395500011096465,0.99901327126481
1807.119539475703,1.000098594848645,0.024812330606488325,1.0009877684101054,0.0050395500011096465,0.9991117038693961
1807.140372396521,0.997417310124271,0.024812330606488325,0.9981913314033646,0.0050395500011096465,0.999224576236296
1807.161205316873,1.0024472493894074,0.024812330606488325,1.003261927175741,0.0050395500011096465,0.9991879709931514
1807.1820382362944,1.0017381529077944,0.024812330606488325,1.002683917312594,0.0050395500011096465,0.999056767154165
1807.202871154784,0.9861169860647032,0.024812330606488325,0.9870999412682268,0.0050395500011096465,0.999004198903851
1807.2237040728085,1.0024337781582409,0.024812330606488325,1.0037128314529622,0.0050395500011096465,0.9987256780479036
1807.244536989901,0.9979897282226445,0.024812330606488325,0.9991674149446237,0.0050395500011096465,0.998821331936606
1807.265369906063,0.9954443937068524,0.024812330606488325,0.9965056190023104,0.0050395500011096465,0.9989350533752931
1807.286202821759,0.9912544039093076,0.024812330606488325,0.992359723381857,0.0050395500011096465,0.9988861705624423
1807.3070357365236,0.990679874104427,0.024812330606488325,0.9921395310673593,0.0050395500011096465,0.9985287785465398
1807.327868650823,0.9991357294988432,0.024812330606488325,1.000607627479195,0.0050395500011096465,0.9985289958421963
1807.34870156419,0.9945817980074083,0.024812330606488325,0.9960607567683738,0.0050395500011096465,0.998515192220037
1807.3695344766263,0.9965958562929836,0.024812330606488325,0.99806485730881,0.0050395500011096465,0.9985281507458469
1807.390367388597,1.0048980668346372,0.024812330606488325,1.0062799313393493,0.0050395500011096465,0.9986267593522681
1807.4112002996364,0.9933578092253758,0.024812330606488325,0.9948609519953524,0.0050395500011096465,0.9984890926043867
1807.43203321021,0.9993190838776378,0.024812330606488325,1.0009404066403296,0.0050395500011096465,0.9983802005075069
1807.452866119852,1.0050203273596554,0.024812330606488325,1.0064922377315482,0.0050395500011096465,0.9985375839805678
1807.473699028563,0.9978702347613251,0.024812330606488325,0.9996108250464502,0.0050395500011096465,0.9982587320570041
1807.4945319368085,1.0023306686267186,0.024812330606488325,1.0038815216176786,0.0050395500011096465,0.9984551434033162
1807.5153648441224,0.9996568112838528,0.024812330606488325,1.0014696889890013,0.0050395500011096465,0.9981897827512097
1807.536197750971,0.9958448169510905,0.024812330606488325,0.9979461743996305,0.0050395500011096465,0.997894317847549
1807.557030656423,0.9950146978413773,0.024812330606488325,0.9970312125387492,0.0050395500011096465,0.9979774808732044
1807.577863561874,1.0048296184168186,0.024812330606488325,1.0072665357400654,0.0050395500011096465,0.9975806628764289
1807.598696466394,1.0079554537696838,0.024812330606488325,1.0105969529987668,0.0050395500011096465,0.9973861990962422
1807.619529369983,0.9993399824903122,0.024812330606488325,1.0018055399537567,0.0050395500011096465,0.9975388861758958
1807.64036227264,0.9928798353800988,0.024812330606488325,0.9953189863209293,0.0050395500011096465,0.9975493776624854
1807.661195174832,0.997754090903431,0.024812330606488325,0.9999896072640815,0.0050395500011096465,0.9977644604059769
1807.682028076558,0.9979598002442153,0.024812330606488325,1.0000870715054824,0.0050395500011096465,0.9978729139473178
1807.7028609773524,0.9959059836223326,0.024812330606488325,0.9976104169576806,0.0050395500011096465,0.9982914840238479
1807.723693877216,1.0017811152125953,0.024812330606488325,1.0033086053343574,0.0050395500011096465,0.9984775470741097
1807.7445267766143,0.9965539862501692,0.024812330606488325,0.9981210877711555,0.0050395500011096465,0.9984299484900317
1807.765359675081,1.000081337109259,0.024812330606488325,1.0014637127921715,0.0050395500011096465,0.9986196447607089
1807.786192572616,0.9992369457762558,0.024812330606488325,1.0006845928594148,0.0050395500011096465,0.9985533432876962
1807.8070254696856,0.9944854605002023,0.024812330606488325,0.9961772805370025,0.0050395500011096465,0.9983016877920683
1807.8278583662905,1.0025408926503803,0.024812330606488325,1.004004188273008,0.0050395500011096465,0.99854254032033
1807.848691261963,0.9959678784682322,0.024812330606488325,0.997732142430802,0.0050395500011096465,0.9982317258435
1807.869524156704,0.9871776452710262,0.024812330606488325,0.9888061667934585,0.0050395500011096465,0.998353042712392
1807.89035705098,1.0119202191456196,0.024812330606488325,1.013584232654365,0.0050395500011096465,0.9983582878905015
1807.911189944324,0.9963028388107481,0.024812330606488325,0.9979497917189957,0.0050395500011096465,0.9983496635583132
1807.9320228372023,0.9955484498654297,0.024812330606488325,0.9973249215928862,0.0050395500011096465,0.9982187633247757
1807.95285572915,0.9868075140925462,0.024812330606488325,0.9887379172950284,0.0050395500011096465,0.9980476088064233
1807.9736886201656,0.992557254006763,0.024812330606488325,0.9946695415885224,0.0050395500011096465,0.9978763926174054
1808.015354400801,1.0006215698877643,0.024812330606488325,1.0025720962291529,0.0050395500011096465,0.998054477729108
1808.036187289954,1.0026243414661462,0.024812330606488325,1.0045088568902758,0.0050395500011096465,0.9981239434463887
1808.057020178176,0.9996806954126235,0.024812330606488325,1.0014191779712338,0.0050395500011096465,0.9982639811610835
1808.077853065932,1.0026249968233383,0.024812330606488325,1.0043162539763522,0.0050395500011096465,0.9983160113696082
1808.098685952757,0.9976825113345846,0.024812330606488325,0.9991819566728999,0.0050395500011096465,0.9984993270461887
1808.119518839116,0.9977557657051436,0.024812330606488325,0.9993141663104134,0.0050395500011096465,0.9984405298575686
1808.1403517250103,0.9980484191000504,0.024812330606488325,0.9998348478202392,0.0050395500011096465,0.9982132761984807
1808.161184609507,1.0024165932363205,0.024812330606488325,1.0037452821515989,0.0050395500011096465,0.9986762688314408
1808.1820174935376,0.9966165364532608,0.024812330606488325,0.9981190726142821,0.0050395500011096465,0.9984946323517434
1808.202850377103,1.0018422818838373,0.024812330606488325,1.0035376446062028,0.0050395500011096465,0.998310613725875
1808.2236832597368,0.9959581209278199,0.024812330606488325,0.9977365256542358,0.0050395500011096465,0.9982175607681099
1808.244516141906,0.9947637688543534,0.024812330606488325,0.9963259968662986,0.0050395500011096465,0.9984320111922614
1808.265349023143,0.9994222662266259,0.024812330606488325,1.00130456479339,0.0050395500011096465,0.9981201538143866
1808.2861819039144,0.9953240264359442,0.024812330606488325,0.9974565724454042,0.0050395500011096465,0.99786201618359
1808.3070147837536,0.9887267640376965,0.024812330606488325,0.990378844052681,0.0050395500011096465,0.9983318706524222
1808.3278476626629,0.9949630702581503,0.024812330606488325,0.9965228270753366,0.0050395500011096465,0.9984348007142356
1808.3486805411064,1.002942335339139,0.024812330606488325,1.0045997091747243,0.0050395500011096465,0.998350214697009
1808.369513419084,0.9992009011307024,0.024812330606488325,1.0008417562268752,0.0050395500011096465,0.9983605249421659
1808.39034629613,1.0010988883758494,0.024812330606488325,1.0027539279216238,0.0050395500011096465,0.9983495057962976
1808.411179172244,1.0050603041483601,0.024812330606488325,1.0070378946127663,0.0050395500011096465,0.9980362303395081
1808.4320120478933,1.003522836176212,0.024812330606488325,1.0055161506668469,0.0050395500011096465,0.9980176206127442
1808.4528449230772,0.9980058208825783,0.024812330606488325,1.000123490099524,0.0050395500011096465,0.9978825922619465
1808.473677797329,0.9868622000093352,0.024812330606488325,0.9890657065678204,0.0050395500011096465,0.997772133293215
1808.49451067065,1.0038657336224963,0.024812330606488325,1.006354964622403,0.0050395500011096465,0.9975264880808327
1808.515343543505,0.9981989328017853,0.024812330606488325,1.0009779838959796,0.0050395500011096465,0.9972236641175884
1808.5361764158945,0.9907900469301285,0.024812330606488325,0.9933162788450572,0.0050395500011096465,0.9974567698438749
1808.557009287353,0.9900163613563826,0.024812330606488325,0.9924987953621304,0.0050395500011096465,0.9974988040113015
1808.57784215788,1.0051824190384469,0.024812330606488325,1.0076752254448826,0.0050395500011096465,0.9975261807142919
1808.598675027941,0.993115836786641,0.024812330606488325,0.99532290118668,0.0050395500011096465,0.9977825644347099
1808.619507897537,0.9932784381876928,0.024812330606488325,0.9952967113063181,0.0050395500011096465,0.9979721895031921
1808.640340766201,1.0001686452507101,0.024812330606488325,1.0020452318025332,0.0050395500011096465,0.9981272436689834
1808.661173633934,0.99467769860982,0.024812330606488325,0.9962196556001045,0.0050395500011096465,0.998452191761509
1808.682006501201,0.9958439431415015,0.024812330606488325,0.9973958873526388,0.0050395500011096465,0.9984440037994776
1808.7028393680023,1.001497928088238,0.024812330606488325,1.002990945778534,0.0050395500011096465,0.9985114345283175
1808.7236722338732,1.0022850120756845,0.024812330606488325,1.0036983706495919,0.0050395500011096465,0.9985918492893512
1808.744505098812,0.9929270939153798,0.024812330606488325,0.9946426013442795,0.0050395500011096465,0.9982752524106838
1808.7653379632852,1.0010117258693294,0.024812330606488325,1.0027465036480558,0.0050395500011096465,0.998269973744695
1808.7861708272933,0.9947749099266153,0.024812330606488325,0.9969592062794941,0.0050395500011096465,0.9978090413939501
1808.8070036903696,0.9955041768462449,0.024812330606488325,0.9975298159838539,0.0050395500011096465,0.9979693447703003
1808.82783655298,0.9931830473075415,0.024812330606488325,0.9947373349868774,0.0050395500011096465,0.9984374893505364
1808.848669414659,0.995036688716038,0.024812330606488325,0.9965879904900392,0.0050395500011096465,0.9984433870478026
1808.8695022758725,1.0022512975890356,0.024812330606488325,1.0037344399718782,0.0050395500011096465,0.9985223757163458
1808.8903351361555,1.0035194865727872,0.024812330606488325,1.0047930860596752,0.0050395500011096465,0.998732475865372
1808.911167995972,0.9961459899894919,0.024812330606488325,0.9972542983647849,0.0050395500011096465,0.998888640162183
1808.932000854857,1.003237391710416,0.024812330606488325,1.0048293860003326,0.0050395500011096465,0.9984156571134396
1808.952833710949,1.0061125165286544,0.024812330606488325,1.0073255535997823,0.0050395500011096465,0.9987957844742518
1808.973666568437,0.9984539395668919,0.024812330606488325,0.9992677693646775,0.0050395500011096465,0.9991855738544404
1808.99449942546,0.9989962112344388,0.024812330606488325,1.0001032447586555,0.0050395500011096465,0.9988930807593931
1809.0153322820172,0.9947377002016097,0.024812330606488325,0.9959088998515853,0.0050395500011096465,0.9988239891719513
1809.036165137643,1.007199317205187,0.024812330606488325,1.0080495020802036,0.0050395500011096465,0.9991566040424977
1809.056997992337,1.0009514330076765,0.024812330606488325,1.0021389067213524,0.0050395500011096465,0.9988150607608273
1809.0778308465665,0.9942402112755079,0.024812330606488325,0.9957008045611561,0.0050395500011096465,0.9985331002255322
1809.0986637003289,1.0047774811113315,0.024812330606488325,1.005873439960774,0.0050395500011096465,0.9989104406122052
1809.1194965531608,0.991026558058931,0.024812330606488325,0.9919413485161909,0.0050395500011096465,0.9990777776744277
1809.1403294055272,1.0018101693814352,0.024812330606488325,1.0026110396885421,0.0050395500011096465,0.9992012153513133
1809.1611622569612,1.004235063808853,0.024812330606488325,1.004609790471424,0.0050395500011096465,0.9996269928223624
1809.1819951079317,1.004106249711916,0.024812330606488325,1.0043593683266783,0.0050395500011096465,0.9997479800330991
1809.202827957969,0.9999390517811553,0.024812330606488325,1.0002506815855354,0.0050395500011096465,0.9996884482958951
1809.223660807541,0.9977408381246619,0.024812330606488325,0.9984072740613608,0.0050395500011096465,0.9993325009202026
1809.244493656648,0.9965431364477704,0.024812330606488325,0.997449517537907,0.0050395500011096465,0.9990913012897396
1809.265326504823,0.9904850873835075,0.024812330606488325,0.991351684677937,0.0050395500011096465,0.9991258427177525
1809.2861593520663,1.0031890409131485,0.024812330606488325,1.0044961986636969,0.0050395500011096465,0.9986986931834214
1809.306992199311,1.0036145861830752,0.024812330606488325,1.0054230338334518,0.0050395500011096465,0.9982013067241144
1809.327825045157,0.9921156160769022,0.024812330606488325,0.9939599300654891,0.0050395500011096465,0.9981444785319813
1809.348657891005,0.9919419464210544,0.024812330606488325,0.9939979343204037,0.0050395500011096465,0.9979315974124684
1809.369490735921,1.0039301770796978,0.024812330606488325,1.0057058741197895,0.0050395500011096465,0.9982343773803192
1809.390323579906,0.9929899353883345,0.024812330606488325,0.9951162621689548,0.0050395500011096465,0.9978632378331495
1809.411156423424,0.9952401407153837,0.024812330606488325,0.9975656311322072,0.0050395500011096465,0.9976688346668638
1809.4319892664776,1.0030064875264773,0.024812330606488325,1.0051902415581415,0.0050395500011096465,0.9978275216557223
1809.4528221085989,1.0069518106390543,0.024812330606488325,1.0092374763595364,0.0050395500011096465,0.9977352548096738
1809.4736549497889,0.9979616934983251,0.024812330606488325,1.0001676279432705,0.0050395500011096465,0.9977944352693341
1809.4944877909795,1.0073397092791807,0.024812330606488325,1.009586686074769,0.0050395500011096465,0.9977743597191
1809.515320631238,0.9965725547039391,0.024812330606488325,0.9991217882609786,0.0050395500011096465,0.9974485257082857
1809.536153470566,0.9924663778094891,0.024812330606488325,0.9950414108174664,0.0050395500011096465,0.9974121348317937
1809.556986309428,0.9944752660549953,0.024812330606488325,0.9974087914510403,0.0050395500011096465,0.9970588534799484
1809.577819147824,0.9975040357259963,0.024812330606488325,1.0004948391634783,0.0050395500011096465,0.997010675797206
1809.598651985289,0.9970515479937369,0.024812330606488325,0.9997949942585723,0.0050395500011096465,0.9972559911976056
1809.619484822289,0.9904455474995975,0.024812330606488325,0.9928402321403255,0.0050395500011096465,0.997588046330913
1809.6403176583565,0.9908332276873268,0.024812330606488325,0.993191444995266,0.0050395500011096465,0.9976256165718882
1809.661150493959,0.9972210670540363,0.024812330606488325,0.9998899307387248,0.0050395500011096465,0.9973308425231199
1809.68198332863,0.9939767576843725,0.024812330606488325,0.99618654414524,0.0050395500011096465,0.9977817543572991
1809.702816163302,1.0020691082896933,0.024812330606488325,1.004077551513571,0.0050395500011096465,0.9979997130492062
1809.723648996576,0.9959158139802107,0.024812330606488325,0.9982399244262523,0.0050395500011096465,0.9976717917314543
1809.7444818298493,0.9960294820442689,0.024812330606488325,0.9978223466958703,0.0050395500011096465,0.9982032225901352
1809.765314661727,0.9983186447155018,0.024812330606488325,1.0001508637758951,0.0050395500011096465,0.9981680573133975
1809.786147493604,1.0017538814803995,0.024812330606488325,1.0041000699930498,0.0050395500011096465,0.9976633917447426
1809.806980324549,0.9933682949404459,0.024812330606488325,0.9962043401715477,0.0050395500011096465,0.9971531490912663
1809.82781315503,1.0015754058718112,0.024812330606488325,1.0043965874689404,0.0050395500011096465,0.9971911676798518
1809.848645984578,0.995921275290143,0.024812330606488325,0.9988044844345317,0.0050395500011096465,0.99711333980842
1809.8694788136609,1.0024981487979765,0.024812330606488325,1.0051676450819678,0.0050395500011096465,0.9973442278041356
1809.8903116418132,0.9891413138702927,0.024812330606488325,0.9915568839170423,0.0050395500011096465,0.9975638613518498
1809.911144469499,0.9966276047080569,0.024812330606488325,0.9988513340403723,0.0050395500011096465,0.9977737134080601
1809.9319772967197,1.00176298366362,0.024812330606488325,1.0038526952086204,0.0050395500011096465,0.9979183085775686
1809.952810123009,0.9999442946386903,0.024812330606488325,1.0021115500087043,0.0050395500011096465,0.9978373112554234
1809.973642948833,1.00489406187402,0.024812330606488325,1.0065368199087934,0.0050395500011096465,0.9983679106394517
1809.994475774191,0.9969158890550179,0.024812330606488325,0.9985334269034949,0.0050395500011096465,0.9983800864298624
1810.015308598617,1.009274032439744,0.024812330606488325,1.0106389869007975,0.0050395500011096465,0.9986494144014381
1810.036141422578,0.9985361504857398,0.024812330606488325,0.9996157596210609,0.0050395500011096465,0.9989199758758003
1810.0569742456069,0.9987393112152223,0.024812330606488325,0.9997428566113092,0.0050395500011096465,0.998996196482475
1810.0778070681708,1.0061785619701027,0.024812330606488325,1.0067379653954691,0.0050395500011096465,0.9994443405885197
1810.0986398902692,0.9876249629632164,0.024812330606488325,0.9878823984621778,0.0050395500011096465,0.9997394067356984
1810.119472711437,0.9891751739918732,0.024812330606488325,0.98962880281101,0.0050395500011096465,0.9995416172024821
1810.140305532138,0.9922455224358258,0.024812330606488325,0.9929941558065354,0.0050395500011096465,0.9992460848169831
1810.1611383519075,0.9987372723261809,0.024812330606488325,0.9994432592536332,0.0050395500011096465,0.999293619801909
1810.181971171212,1.0007388060076448,0.024812330606488325,1.0019038411910135,0.0050395500011096465,0.9988371786438268
1810.2028039900504,1.001917793595835,0.024812330606488325,1.0026838115799528,0.0050395500011096465,0.9992360323610782
1810.2236368079573,0.9976732635164326,0.024812330606488325,0.9983538589660341,0.0050395500011096465,0.9993182823469963
1810.2444696253997,0.9992359991492007,0.024812330606488325,0.9998234240984892,0.0050395500011096465,0.9994124713073029
1810.265302442376,0.999378066024907,0.024812330606488325,0.9995600915388485,0.0050395500011096465,0.9998178943762538
1810.28613525842,0.9954427189051399,0.024812330606488325,0.9961768365399385,0.0050395500011096465,0.9992630649420153
1810.306968073999,1.0049346940199166,0.024812330606488325,1.005908958578062,0.0050395500011096465,0.9990314585133802
1810.327800888647,0.9929755903475789,0.024812330606488325,0.993958465530643,0.0050395500011096465,0.9990111506494997
1810.348633702829,1.002173601353065,0.024812330606488325,1.0030857587291533,0.0050395500011096465,0.9990906486627387
1810.369466516545,0.9996283396547389,0.024812330606488325,1.0005544574744594,0.0050395500011096465,0.9990743953886746
1810.3902993293304,1.0067942336431401,0.024812330606488325,1.0078347953082922,0.0050395500011096465,0.9989675275451927
1810.41113214165,1.0042998713533833,0.024812330606488325,1.0051890927442477,0.0050395500011096465,0.999115369041225
1810.4319649535037,0.9997508914496203,0.024812330606488325,1.0006960680270616,0.0050395500011096465,0.9990554808721245
1810.4527977644252,0.9940593326905495,0.024812330606488325,0.9945257411917574,0.0050395500011096465,0.9995310242039095
1810.4736305748825,0.9980536619575854,0.024812330606488325,0.9982559089648251,0.0050395500011096465,0.9997973996392875
1810.494463384874,0.9953402647308095,0.024812330606488325,0.9955314206305731,0.0050395500011096465,0.9998079860707535
1810.5152961939332,0.9941447475778908,0.024812330606488325,0.9942715454214683,0.0050395500011096465,0.9998724716158666
1810.536129002527,1.0015944112303756,0.024812330606488325,1.0016887735116253,0.0050395500011096465,0.999905796806608
1810.556961810656,1.0056330863340621,0.024812330606488325,1.0056700470152844,0.0050395500011096465,0.9999632477060126
1810.577794617853,0.9976729722465696,0.024812330606488325,0.9977837884705631,0.0050395500011096465,0.99988893763832
1810.598627424584,1.0045657279208888,0.024812330606488325,1.0047048126096079,0.0050395500011096465,0.999861566614419
1810.6194602303844,0.9912684576802001,0.024812330606488325,0.9916239838382249,0.0050395500011096465,0.9996414707955643
1810.6402930357197,0.9937947868374275,0.024812330606488325,0.9941968065931934,0.0050395500011096465,0.99959563362797
1810.661125840588,1.0040603018910186,0.024812330606488325,1.0046486180397274,0.0050395500011096465,0.9994144060538732
1810.6819586449903,0.9990618197710924,0.024812330606488325,0.9994669616834521,0.0050395500011096465,0.9995946420163031
1810.7027914484624,1.0047434025373536,0.024812330606488325,1.0054833105206469,0.0050395500011096465,0.9992641270366684
1810.723624251469,0.9961634661812753,0.024812330606488325,0.9966813999621625,0.0050395500011096465,0.9994803416809956
1810.744457053544,1.0032424161155538,0.024812330606488325,1.0039939124518173,0.0050395500011096465,0.9992514931346264
1810.7652898551528,1.003641528645408,0.024812330606488325,1.0044456547504388,0.0050395500011096465,0.9991994329397236
1810.7861226562968,1.0079612063494792,0.024812330606488325,1.008605292708913,0.0050395500011096465,0.9993614089038696
1810.8069554569745,1.000354693875738,0.024812330606488325,1.000724326227163,0.0050395500011096465,0.9996306351891947
1810.8277882567209,0.9930527040438234,0.024812330606488325,0.9934879377004794,0.0050395500011096465,0.9995619134967422
1810.848621056001,1.000188815688727,0.024812330606488325,1.0004727231877824,0.0050395500011096465,0.9997162266471886
1810.869453854352,1.0015494100365332,0.024812330606488325,1.001556751448547,0.0050395500011096465,0.9999926699989758
1810.8902866527012,1.0034698978786014,0.024812330606488325,1.0035251186144265,0.0050395500011096465,0.9999449732400307
1810.911119449654,0.9957403238877187,0.024812330606488325,0.9958581429601753,0.0050395500011096465,0.9998816909081987
1810.9319522466071,0.9985691367977311,0.024812330606488325,0.9987163843820925,0.0050395500011096465,0.9998525631634124
1810.9527850426284,0.9928060712872795,0.024812330606488325,0.9931718291566237,0.0050395500011096465,0.9996317275031302
1810.973617838185,0.9938212195774999,0.024812330606488325,0.9941730114008144,0.0050395500011096465,0.9996461462750645
1810.994450633275,0.999705234898586,0.024812330606488325,1.000013279261129,0.0050395500011096465,0.9996919597280042
1811.015283427433,0.9985472915580018,0.024812330606488325,0.9988043761586067,0.0050395500011096465,0.9997426076549708
1811.036116221126,0.9929479925280542,0.024812330606488325,0.9929671623998744,0.0050395500011096465,0.9999806943547118
1811.0569490143532,1.0061558429207842,0.024812330606488325,1.0065891439851147,0.0050395500011096465,0.9995695353293649
1811.07778180665,0.9995211523451338,0.024812330606488325,0.9998494848672829,0.0050395500011096465,0.9996716180513984
1811.0986145989452,1.0026325698397776,0.024812330606488325,1.0028505119492943,0.0050395500011096465,0.9997826773712334
1811.119447389844,1.0042024415841906,0.024812330606488325,1.0047922116744579,0.0050395500011096465,0.9994130427331991
1811.1402801807435,1.0011320203227723,0.024812330606488325,1.0017239943886147,0.0050395500011096465,0.9994090447377137
1811.1611129707117,0.9962662844429344,0.024812330606488325,0.9971396886835924,0.0050395500011096465,0.9991240903851586
1811.181945760213,0.9991368945782955,0.024812330606488325,0.9997119509772132,0.0050395500011096465,0.999424777908921
1811.2027785492487,1.0007550443025104,0.024812330606488325,1.0015098413159165,0.0050395500011096465,0.9992463408922528
1811.2236113373544,1.0005188972610366,0.024812330606488325,1.0014146724491393,0.0050395500011096465,0.9991054902501958
1811.244444124994,1.0119473800603498,0.024812330606488325,1.0130496672996294,0.0050395500011096465,0.9989119119477943
1811.265276912168,0.9969771285437257,0.024812330606488325,0.9979638775695672,0.0050395500011096465,0.9990112377331285
1811.28610969841,0.9990762376293139,0.024812330606488325,1.0001337762662563,0.0050395500011096465,0.9989426028177046
1811.306942484652,0.9899033486495163,0.024812330606488325,0.9904587581180255,0.0050395500011096465,0.9994392401864722
1811.3277752699637,0.9955823099870101,0.024812330606488325,0.9959542503775705,0.0050395500011096465,0.9996265487190609
1811.3486080543437,1.006484031238984,0.024812330606488325,1.006823142441137,0.0050395500011096465,0.999663186921458
1811.369440838723,1.0048726535390855,0.024812330606488325,1.005274569314028,0.0050395500011096465,0.9996001930346088
1811.390273622171,0.9945053396683557,0.024812330606488325,0.9945019498977774,0.0050395500011096465,1.0000034085107412
1811.4111064051544,0.9985544276696466,0.024812330606488325,0.9988202388687504,0.0050395500011096465,0.9997338748367727
1811.431939187206,1.007774065462465,0.024812330606488325,1.0076340193894533,0.0050395500011096465,1.000138985058381
1811.452771969258,0.9946853444437251,0.024812330606488325,0.994338591165429,0.0050395500011096465,1.0003487275676284
1811.4736047503773,1.006907683254801,0.024812330606488325,1.0070472757413678,0.0050395500011096465,0.999861384375958
1811.4944375305656,0.994695902976261,0.024812330606488325,0.9945536950548655,0.0050395500011096465,1.0001429866704057
1811.515270310755,0.9998394374879896,0.024812330606488325,0.9991369829620996,0.0050395500011096465,1.0007030612797532
1811.536103090013,0.9975022152893522,0.024812330606488325,0.9968807213142533,0.0050395500011096465,1.0006234386540043
1811.5569358688049,0.9986032881891745,0.024812330606488325,0.9976540768912849,0.0050395500011096465,1.000951443310739
1811.577768647131,1.0198161082283081,0.024812330606488325,1.0184941206721518,0.0050395500011096465,1.001297982510968
1811.598601424991,0.9979195321856476,0.024812330606488325,0.9970196167352701,0.0050395500011096465,1.0009026055608858
1811.6194342019205,0.9971666724071102,0.024812330606488325,0.9956995832160953,0.0050395500011096465,1.0014734255349151
1811.6402669783845,1.0071110624366806,0.024812330606488325,1.005353009290598,0.0050395500011096465,1.0017486923795285
1811.6610997543823,1.0009239808230836,0.024812330606488325,0.9989613219695348,0.0050395500011096465,1.0019646995438014
1811.6819325294484,1.000360956177794,0.024812330606488325,0.9982718109000822,0.0050395500011096465,1.0020927619661304
1811.702765304515,0.9962659203556056,0.024812330606488325,0.9943686182970172,0.0050395500011096465,1.00190804699955
1811.7235980786504,1.0030856401117632,0.024812330606488325,1.0015966920609787,0.0050395500011096465,1.0014865744491634
1811.74443085232,1.0013724635947259,0.024812330606488325,0.9992812741582097,0.0050395500011096465,1.0020926935094203
1811.7652636250584,1.0070385362407794,0.024812330606488325,1.005035725033504,0.0050395500011096465,1.0019927761346081
1811.7860963977964,1.010959465502325,0.024812330606488325,1.0094047390740286,0.0050395500011096465,1.0015402408648513
1811.8069291696029,0.9983940107925678,0.024812330606488325,0.996455925006913,0.0050395500011096465,1.001944978936867
1811.8277619409448,1.0043231001249622,0.024812330606488325,1.0027001767456456,0.0050395500011096465,1.001618553000144
1811.8485947118204,1.0080768404851128,0.024812330606488325,1.0061948921808355,0.0050395500011096465,1.0018703616157287
1811.869427481765,0.9973486432540553,0.024812330606488325,0.9953373335319426,0.0050395500011096465,1.002020731720145
1811.8902602517096,1.0101229384556245,0.024812330606488325,1.007909012749745,0.0050395500011096465,1.0021965531390968
1811.911093020722,1.0054619652895163,0.024812330606488325,1.0032472461722957,0.0050395500011096465,1.0022075506568002
1811.931925789269,1.0009895165422713,0.024812330606488325,0.9989898780039027,0.0050395500011096465,1.0020016604596276
1811.952758557351,1.0128625499700759,0.024812330606488325,1.0104467451314258,0.0050395500011096465,1.0023908284630436
1811.973591324502,1.0054417220340335,0.024812330606488325,1.0026641923339783,0.0050395500011096465,1.0027701494890227
1811.9944240916525,1.0025473734048334,0.024812330606488325,1.000215335843481,0.0050395500011096465,1.0023315354981892
1812.015256857871,0.9995026567088297,0.024812330606488325,0.9969984460972647,0.0050395500011096465,1.0025117497638714
1812.036089623624,1.002429409110295,0.024812330606488325,0.9998053166700231,0.0050395500011096465,1.002624603406803
1812.056922388912,0.9981409700990369,0.024812330606488325,0.995423372517192,0.0050395500011096465,1.0027300921968234
1812.0777551532683,1.00747347496379,0.024812330606488325,1.0049319446476042,0.0050395500011096465,1.0025290571463294
1812.098587917625,0.9916028354829899,0.024812330606488325,0.9888369242820082,0.0050395500011096465,1.0027971358401588
1812.1194206810503,0.9996601608872779,0.024812330606488325,0.9973296905741581,0.0050395500011096465,1.002336710051997
1812.140253444009,1.0036352663433523,0.024812330606488325,1.0018014386049838,0.0050395500011096465,1.0018305301506873
1812.1610862065024,1.0013769782776034,0.024812330606488325,0.9993598773111205,0.0050395500011096465,1.0020183929856281
1812.1819189685311,0.969139375469354,0.024812330606488325,0.9672744183391045,0.0050395500011096465,1.001928053812745
1812.2444172508904,0.9943419372751806,0.024812330606488325,0.9931035257885392,0.0050395500011096465,1.0012470114690792
1812.265250011056,1.000306488713402,0.024812330606488325,0.9994868953303904,0.0050395500011096465,1.0008200141360941
1812.2860827702896,1.0052366680504412,0.024812330606488325,1.0047200511721037,0.0050395500011096465,1.0005141898758114
1812.306915529058,1.0057742794001792,0.024812330606488325,1.0050222699426647,0.0050395500011096465,1.000748251536314
1812.3277482868957,0.9981173772401292,0.024812330606488325,0.9974068248227285,0.0050395500011096465,1.000712399794865
1812.348581044733,1.0043408675866088,0.024812330606488325,1.0038521992834792,0.0050395500011096465,1.0004867930791788
1812.3694138021044,1.0022722690191757,0.024812330606488325,1.0018266908373337,0.0050395500011096465,1.0004447657323539
1812.390246558544,0.999941600392457,0.024812330606488325,0.9997793026183521,0.0050395500011096465,1.0001623336007055
1812.4110793145185,0.9990611644139006,0.024812330606488325,0.9988127640652444,0.0050395500011096465,1.00024869560902
1812.4319120700277,1.006450316752335,0.024812330606488325,1.0064867716640689,0.0050395500011096465,0.9999637800388838
1812.4527448255365,0.9974030379009812,0.024812330606488325,0.9969673180074867,0.0050395500011096465,1.000437045312945
1812.4735775801144,0.9949919787920587,0.024812330606488325,0.9945735665268145,0.0050395500011096465,1.0004206951394308
1812.5152430874084,1.0025226154664735,0.024812330606488325,1.0025841570810303,0.0050395500011096465,0.9999386170087348
1812.5360758405884,1.0013875368101393,0.024812330606488325,1.001320407851308,0.0050395500011096465,1.0000670404381105
1812.556908593303,0.9993259287194197,0.024812330606488325,0.9992589379624329,0.0050395500011096465,1.0000670404381105
1812.5777413450865,0.9926359696872541,0.024812330606488325,0.9925694273979863,0.0050395500011096465,1.0000670404381105
1812.5985740968704,0.9930552526551251,0.024812330606488325,0.9924048095063385,0.0050395500011096465,1.0006554211976362
1812.619406847723,0.9912747199822558,0.024812330606488325,0.9908343996640806,0.0050395500011096465,1.0004443934509384
1812.6402395981092,1.0028210214411757,0.024812330606488325,1.0025342065264076,0.0050395500011096465,1.0002860899038666
1812.6610723484964,1.004350916396884,0.024812330606488325,1.0046011747692953,0.0050395500011096465,0.9997508878361916
1812.6819050979511,1.0028599059678938,0.024812330606488325,1.0028280079664014,0.0050395500011096465,1.000031808048079
